[
    {
        "hash": "e7b1b01f39b04954c03c4ee94e1b06e2d9e53b9b",
        "subject": "\u5347\u7ea7\u652f\u6301SpringCloud 2021\uff0cKnife4j\u7248\u672c\u5347\u7ea7",
        "date": "24/07/2022",
        "day": 24,
        "month": 7,
        "year": 2022,
        "author": "macro",
        "email": "zhenghong1991@126.com",
        "technology": "xml",
        "path": [
            "pom.xml"
        ],
        "addedloc": 58,
        "deletedloc": 38
    },
    {
        "hash": "c3e54ac159fe3802f76162e6196781b2f1b6698c",
        "subject": "Update pom.xml",
        "date": "01/11/2020",
        "day": 1,
        "month": 11,
        "year": 2020,
        "author": "macro",
        "email": "zhenghong1991@126.com",
        "technology": "xml",
        "path": [
            "pom.xml"
        ],
        "addedloc": 9,
        "deletedloc": 9
    },
    {
        "hash": "c5f48869200bc40671eb5ce8f37a4b0987a7d776",
        "subject": "Update pom.xml",
        "date": "01/11/2020",
        "day": 1,
        "month": 11,
        "year": 2020,
        "author": "macro",
        "email": "zhenghong1991@126.com",
        "technology": "xml",
        "path": [
            "pom.xml"
        ],
        "addedloc": 9,
        "deletedloc": 9
    },
    {
        "hash": "ed8c685ca5e68cc28d58effbd29b63db0f6fe8b6",
        "subject": "Maven\u4f9d\u8d56\u7248\u672c\u5347\u7ea7",
        "date": "20/09/2020",
        "day": 20,
        "month": 9,
        "year": 2020,
        "author": "macro",
        "email": "zhenghong1991@126.com",
        "technology": "xml",
        "path": [
            "pom.xml"
        ],
        "addedloc": 8,
        "deletedloc": 8
    },
    {
        "hash": "db098589a22d2cc1dbae6a776067d1d74362a16e",
        "subject": "docker-maven-plugin\u914d\u7f6e\u7edf\u4e00",
        "date": "01/09/2020",
        "day": 1,
        "month": 9,
        "year": 2020,
        "author": "macro",
        "email": "zhenghong1991@126.com",
        "technology": "xml",
        "path": [
            "pom.xml"
        ],
        "addedloc": 38,
        "deletedloc": 0
    },
    {
        "hash": "11fcb60c2bee85e1fe30e2207c1eb91bebd60d2b",
        "subject": "sql\u811a\u672c\u66f4\u65b0",
        "date": "24/08/2020",
        "day": 24,
        "month": 8,
        "year": 2020,
        "author": "macro",
        "email": "zhenghong1991@126.com",
        "technology": "sql",
        "path": [
            "document/sql/mall.sql"
        ],
        "addedloc": 61,
        "deletedloc": 45
    },
    {
        "hash": "6dc85b8a9b7516d26035193044360bc20864b503",
        "subject": "\u53bb\u9664mall-security\u4f9d\u8d56",
        "date": "19/08/2020",
        "day": 19,
        "month": 8,
        "year": 2020,
        "author": "macro",
        "email": "zhenghong1991@126.com",
        "technology": "xml",
        "path": [
            "pom.xml"
        ],
        "addedloc": 0,
        "deletedloc": 7
    },
    {
        "hash": "dae82f62edd6337dd64e10eb7db008abff4d2388",
        "subject": "\u5347\u7ea7Spring Cloud Hoxton & Alibaba\uff0c\u8ba4\u8bc1\u6388\u6743\u6539\u7528Oauth2\u3002",
        "date": "15/08/2020",
        "day": 15,
        "month": 8,
        "year": 2020,
        "author": "macro",
        "email": "zhenghong1991@126.com",
        "technology": "xml",
        "path": [
            "pom.xml"
        ],
        "addedloc": 45,
        "deletedloc": 19
    },
    {
        "hash": "79230d3ff8a64513114dc33272939f5a81796f3d",
        "subject": "Update mall.sql",
        "date": "07/03/2020",
        "day": 7,
        "month": 3,
        "year": 2020,
        "author": "macro",
        "email": "zhenghong1991@126.com",
        "technology": "sql",
        "path": [
            "document/sql/mall.sql"
        ],
        "addedloc": 636,
        "deletedloc": 248
    },
    {
        "hash": "46e6170b78eb7ae3237e5cff287022b0431c4db3",
        "subject": "\u6dfb\u52a0MinIO\u6587\u4ef6\u4e0a\u4f20\u652f\u6301",
        "date": "04/01/2020",
        "day": 4,
        "month": 1,
        "year": 2020,
        "author": "macro",
        "email": "zhenghong1991@126.com",
        "technology": "xml",
        "path": [
            "pom.xml"
        ],
        "addedloc": 7,
        "deletedloc": 0
    },
    {
        "hash": "3bdd0f31bcfb7ce67af11a684d7e39f21bd527d3",
        "subject": "Update pom.xml",
        "date": "29/12/2019",
        "day": 29,
        "month": 12,
        "year": 2019,
        "author": "macro",
        "email": "zhenghong1991@126.com",
        "technology": "xml",
        "path": [
            "pom.xml"
        ],
        "addedloc": 1,
        "deletedloc": 1
    },
    {
        "hash": "a306c8c87c51d1d758e2d430ade759ced8c3cd6a",
        "subject": "Update pom.xml",
        "date": "29/12/2019",
        "day": 29,
        "month": 12,
        "year": 2019,
        "author": "macro",
        "email": "zhenghong1991@126.com",
        "technology": "xml",
        "path": [
            "pom.xml"
        ],
        "addedloc": 1,
        "deletedloc": 38
    },
    {
        "hash": "e427a58653fd1695799604484a47fc22362df3ee",
        "subject": "<properties>\u5c5e\u6027\u63d0\u53d6",
        "date": "28/12/2019",
        "day": 28,
        "month": 12,
        "year": 2019,
        "author": "macro",
        "email": "zhenghong1991@126.com",
        "technology": "xml",
        "path": [
            "pom.xml"
        ],
        "addedloc": 3,
        "deletedloc": 0
    },
    {
        "hash": "8f91a5427fdcc217fd1de675448d0ee214e5e1dc",
        "subject": "docker-maven-plugin\u7248\u672c\u53f7\u63d0\u53d6",
        "date": "12/12/2019",
        "day": 12,
        "month": 12,
        "year": 2019,
        "author": "macro",
        "email": "zhenghong1991@126.com",
        "technology": "xml",
        "path": [
            "pom.xml"
        ],
        "addedloc": 1,
        "deletedloc": 0
    },
    {
        "hash": "2d5a69b92693c85b7ad35c1ff0f7857f95fa0d92",
        "subject": "\u6dfb\u52a0docker\u5bb9\u5668\u5316\u90e8\u7f72\u652f\u6301",
        "date": "20/11/2019",
        "day": 20,
        "month": 11,
        "year": 2019,
        "author": "macro",
        "email": "zhenghong1991@126.com",
        "technology": "xml",
        "path": [
            "pom.xml"
        ],
        "addedloc": 39,
        "deletedloc": 0
    },
    {
        "hash": "e637af6acc68ea4eb9b7f90c1e03e4ce101c6f50",
        "subject": "\u8bf4\u660e\u6587\u6863\u5b8c\u5584",
        "date": "14/11/2019",
        "day": 14,
        "month": 11,
        "year": 2019,
        "author": "macro",
        "email": "zhenghong1991@126.com",
        "technology": "xml",
        "path": [
            "pom.xml"
        ],
        "addedloc": 1,
        "deletedloc": 1
    },
    {
        "hash": "526aeb11258e4f3475208eba783b3c1bb3222c76",
        "subject": "\u6dfb\u52a0mall-security\u6a21\u5757\uff0c\u6574\u5408\u4e86JWT+SpringSecurity",
        "date": "05/11/2019",
        "day": 5,
        "month": 11,
        "year": 2019,
        "author": "macro",
        "email": "zhenghong1991@126.com",
        "technology": "xml",
        "path": [
            "pom.xml"
        ],
        "addedloc": 8,
        "deletedloc": 0
    },
    {
        "hash": "ffa4ce54508eb361b5fec42b35f7d3ec7a15c8a1",
        "subject": "zuul\u7f51\u5173\u6539\u4e3agateway",
        "date": "24/10/2019",
        "day": 24,
        "month": 10,
        "year": 2019,
        "author": "macro",
        "email": "zhenghong1991@126.com",
        "technology": "xml",
        "path": [
            "pom.xml"
        ],
        "addedloc": 0,
        "deletedloc": 4
    },
    {
        "hash": "ad78ed79109bf16b5573071b4edd2605d353b660",
        "subject": "\u6dfb\u52a0Spring Cloud Config\u914d\u7f6e\u4e2d\u5fc3\u652f\u6301",
        "date": "23/10/2019",
        "day": 23,
        "month": 10,
        "year": 2019,
        "author": "macro",
        "email": "zhenghong1991@126.com",
        "technology": "xml",
        "path": [
            "pom.xml"
        ],
        "addedloc": 1,
        "deletedloc": 0
    },
    {
        "hash": "a4fde176f49f306ec2a645872bd1497f1718f071",
        "subject": "\u6dfb\u52a0\u5bf9mall-search\u670d\u52a1\u7684\u8c03\u7528",
        "date": "22/10/2019",
        "day": 22,
        "month": 10,
        "year": 2019,
        "author": "macro",
        "email": "zhenghong1991@126.com",
        "technology": "xml",
        "path": [
            "pom.xml"
        ],
        "addedloc": 2,
        "deletedloc": 0
    },
    {
        "hash": "02a250953092bdaa26dca13accbed53c283f73ec",
        "subject": "\u6dfb\u52a0SpringBoot Admin\u76d1\u63a7\u4e2d\u5fc3\u652f\u6301",
        "date": "17/10/2019",
        "day": 17,
        "month": 10,
        "year": 2019,
        "author": "macro",
        "email": "zhenghong1991@126.com",
        "technology": "xml",
        "path": [
            "pom.xml"
        ],
        "addedloc": 7,
        "deletedloc": 0
    },
    {
        "hash": "47eaa3a5af2a0b67d6d3204ff6f317f296fba42c",
        "subject": "\u6dfb\u52a0eureka\u6ce8\u518c\u4e2d\u5fc3\u652f\u6301",
        "date": "17/10/2019",
        "day": 17,
        "month": 10,
        "year": 2019,
        "author": "macro",
        "email": "zhenghong1991@126.com",
        "technology": "xml",
        "path": [
            "pom.xml"
        ],
        "addedloc": 12,
        "deletedloc": 10
    },
    {
        "hash": "feff3937acc16ee8b85f11a8de14cbc3f6e9da6c",
        "subject": "\u4f9d\u8d56\u7248\u672c\u53f7\u7edf\u4e00\u7ba1\u7406",
        "date": "16/10/2019",
        "day": 16,
        "month": 10,
        "year": 2019,
        "author": "macro",
        "email": "zhenghong1991@126.com",
        "technology": "xml",
        "path": [
            "pom.xml"
        ],
        "addedloc": 113,
        "deletedloc": 4
    },
    {
        "hash": "afcdcd000c7ea1f4c03d91a360c2d5755be254fb",
        "subject": "Update mall.sql",
        "date": "06/10/2019",
        "day": 6,
        "month": 10,
        "year": 2019,
        "author": "macro",
        "email": "zhenghong1991@126.com",
        "technology": "sql",
        "path": [
            "document/sql/mall.sql"
        ],
        "addedloc": 1,
        "deletedloc": 1
    },
    {
        "hash": "b5800856fb239b16cbe2c2788a75f7eecd3a69a9",
        "subject": "\u9879\u76ee\u7ed3\u6784\u6539\u9020",
        "date": "20/04/2019",
        "day": 20,
        "month": 4,
        "year": 2019,
        "author": "macro",
        "email": "zhenghong1991@126.com",
        "technology": "xml",
        "path": [
            "pom.xml"
        ],
        "addedloc": 40,
        "deletedloc": 1
    },
    {
        "hash": "c3359c9fcb410d4584ed2462167b40c276373987",
        "subject": "springboot\u5347\u7ea7\u81f32.1.3\uff0celasticsearch\u5347\u7ea7\u81f36.2.2",
        "date": "21/03/2019",
        "day": 21,
        "month": 3,
        "year": 2019,
        "author": "macro",
        "email": "zhenghong1991@126.com",
        "technology": "sql",
        "path": [
            "document/sql/mall.sql"
        ],
        "addedloc": 23,
        "deletedloc": 17
    },
    {
        "hash": "3d4deea2fde85c1142bb77036511430b0d913581",
        "subject": "sql\u6587\u4ef6\u66f4\u65b0",
        "date": "29/01/2019",
        "day": 29,
        "month": 1,
        "year": 2019,
        "author": "zhh",
        "email": "zhenghong1991@126.com",
        "technology": "sql",
        "path": [
            "document/sql/mall.sql"
        ],
        "addedloc": 120,
        "deletedloc": 81
    },
    {
        "hash": "4572e3a3785a30c35ecd5db323adb3a939653121",
        "subject": "Update pom.xml",
        "date": "16/12/2018",
        "day": 16,
        "month": 12,
        "year": 2018,
        "author": "macro",
        "email": "zhenghong1991@126.com",
        "technology": "xml",
        "path": [
            "pom.xml"
        ],
        "addedloc": 1,
        "deletedloc": 0
    },
    {
        "hash": "d040714121cd966df3d878475fed20b5f22b3f5f",
        "subject": "\u6f14\u793a\u6548\u679c\u56fe\u66f4\u6539",
        "date": "22/11/2018",
        "day": 22,
        "month": 11,
        "year": 2018,
        "author": "zhh",
        "email": "zh@thinkerx.com",
        "technology": "sql",
        "path": [
            "document/sql/mall.sql"
        ],
        "addedloc": 2,
        "deletedloc": 2
    },
    {
        "hash": "237ec4d94f61b8c907da25918c3b6b2710ca31a1",
        "subject": "\u9650\u65f6\u8d2d\u63a5\u53e3\u4fee\u6539",
        "date": "19/11/2018",
        "day": 19,
        "month": 11,
        "year": 2018,
        "author": "zhh",
        "email": "zh@thinkerx.com",
        "technology": "sql",
        "path": [
            "document/sql/mall.sql"
        ],
        "addedloc": 50,
        "deletedloc": 18
    },
    {
        "hash": "2f79e06b24fce9d13b3881dd607de9b04fe64911",
        "subject": "\u9650\u65f6\u8d2d\u5e93\u8868\u4fee\u6539",
        "date": "14/11/2018",
        "day": 14,
        "month": 11,
        "year": 2018,
        "author": "zhh",
        "email": "zh@thinkerx.com",
        "technology": "sql",
        "path": [
            "document/sql/mall.sql"
        ],
        "addedloc": 73,
        "deletedloc": 39
    },
    {
        "hash": "ec93f735ed137c2675283190cb706704e1370286",
        "subject": "\u5e7f\u544a\u63a5\u53e3\u4fee\u6539",
        "date": "13/11/2018",
        "day": 13,
        "month": 11,
        "year": 2018,
        "author": "zhh",
        "email": "zh@thinkerx.com",
        "technology": "sql",
        "path": [
            "document/sql/mall.sql"
        ],
        "addedloc": 54,
        "deletedloc": 31
    },
    {
        "hash": "51f1271cc2f077112aaf2ea454ae14b622966e76",
        "subject": "\u6570\u636e\u5e93\u6587\u4ef6\u66f4\u65b0",
        "date": "12/11/2018",
        "day": 12,
        "month": 11,
        "year": 2018,
        "author": "zhh",
        "email": "zh@thinkerx.com",
        "technology": "sql",
        "path": [
            "document/sql/mall.sql"
        ],
        "addedloc": 86,
        "deletedloc": 35
    },
    {
        "hash": "616c4d3326d48b97c9aa765bb3e2823055748ba4",
        "subject": "\u6570\u636e\u5e93\u6587\u4ef6\u66f4\u65b0",
        "date": "05/11/2018",
        "day": 5,
        "month": 11,
        "year": 2018,
        "author": "zhh",
        "email": "zh@thinkerx.com",
        "technology": "sql",
        "path": [
            "document/sql/mall.sql"
        ],
        "addedloc": 60,
        "deletedloc": 53
    },
    {
        "hash": "168dc0b10bc096000e9f124171173f817e16a9c2",
        "subject": "bug\u4fee\u590d",
        "date": "25/10/2018",
        "day": 25,
        "month": 10,
        "year": 2018,
        "author": "zhh",
        "email": "zh@thinkerx.com",
        "technology": "sql",
        "path": [
            "document/sql/mall.sql"
        ],
        "addedloc": 124,
        "deletedloc": 61
    },
    {
        "hash": "ddbdfbdf79b5bc0cbb5387f59f824fa021fdb48f",
        "subject": "\u6743\u9650\u7ba1\u7406\u63a5\u53e3\u5b8c\u5584",
        "date": "08/10/2018",
        "day": 8,
        "month": 10,
        "year": 2018,
        "author": "zhh",
        "email": "zh@thinkerx.com",
        "technology": "sql",
        "path": [
            "document/sql/mall.sql"
        ],
        "addedloc": 148,
        "deletedloc": 13
    },
    {
        "hash": "cbdb93ee3f7ff8178e618a0593a371c1a8f0d9e9",
        "subject": "\u4e0b\u5355\u63a5\u53e3\u5b8c\u5584\uff0c\u6dfb\u52a0\u652f\u4ed8\u6210\u529f\u56de\u8c03\u53ca\u81ea\u52a8\u53d6\u6d88\u8d85\u65f6\u8ba2\u5355\u63a5\u53e3",
        "date": "05/09/2018",
        "day": 5,
        "month": 9,
        "year": 2018,
        "author": "zhh",
        "email": "zh@thinkerx.com",
        "technology": "sql",
        "path": [
            "document/sql/mall.sql"
        ],
        "addedloc": 26,
        "deletedloc": 18
    },
    {
        "hash": "2dd5d93919c423ac442d88395f5a2856f0495e6d",
        "subject": "\u4e0b\u5355\u63a5\u53e3\u5b8c\u6210",
        "date": "03/09/2018",
        "day": 3,
        "month": 9,
        "year": 2018,
        "author": "zhh",
        "email": "zh@thinkerx.com",
        "technology": "sql",
        "path": [
            "document/sql/mall.sql"
        ],
        "addedloc": 208,
        "deletedloc": 127
    },
    {
        "hash": "8cb20508e869e761123861922ba31285faae24e7",
        "subject": "\u6dfb\u52a0docker\u5bb9\u5668\u5316\u90e8\u7f72\uff0c\u914d\u7f6e\u533a\u5206dev\u548cprod\u73af\u5883",
        "date": "20/08/2018",
        "day": 20,
        "month": 8,
        "year": 2018,
        "author": "zhh",
        "email": "zh@thinkerx.com",
        "technology": "sql",
        "path": [
            "document/sql/mall.sql"
        ],
        "addedloc": 46,
        "deletedloc": 7
    },
    {
        "hash": "8cb20508e869e761123861922ba31285faae24e7",
        "subject": "\u6dfb\u52a0docker\u5bb9\u5668\u5316\u90e8\u7f72\uff0c\u914d\u7f6e\u533a\u5206dev\u548cprod\u73af\u5883",
        "date": "20/08/2018",
        "day": 20,
        "month": 8,
        "year": 2018,
        "author": "zhh",
        "email": "zh@thinkerx.com",
        "technology": "xml",
        "path": [
            "pom.xml"
        ],
        "addedloc": 7,
        "deletedloc": 3
    },
    {
        "hash": "9523533c996ef2536727320158314ad0e1f158ee",
        "subject": "sql\u6587\u4ef6\u66f4\u65b0",
        "date": "21/06/2018",
        "day": 21,
        "month": 6,
        "year": 2018,
        "author": "zhh",
        "email": "zh@thinkerx.com",
        "technology": "sql",
        "path": [
            "document/sql/mall.sql"
        ],
        "addedloc": 148,
        "deletedloc": 56
    },
    {
        "hash": "ea516e85cddc3bf41b0cfb2157dfb65d90934389",
        "subject": "\u6dfb\u52a0\u6d4b\u8bd5sql\u6587\u4ef6",
        "date": "07/06/2018",
        "day": 7,
        "month": 6,
        "year": 2018,
        "author": "zhh",
        "email": "zh@thinkerx.com",
        "technology": "sql",
        "path": [
            "document/sql/mall.sql"
        ],
        "addedloc": 1582,
        "deletedloc": 0
    },
    {
        "hash": "42d8ff5fb3ed12ed1b79bc71ca2e7b6c71dc1ecc",
        "subject": "\u521d\u59cb\u9879\u76ee\u4fe1\u606f\u5bfc\u5165",
        "date": "13/04/2018",
        "day": 13,
        "month": 4,
        "year": 2018,
        "author": "zhh",
        "email": "zh@thinkerx.com",
        "technology": "xml",
        "path": [
            "pom.xml"
        ],
        "addedloc": 15,
        "deletedloc": 0
    }
]