[
    {
        "hash": "6952f0e5274a634189d5573f9a2f65475dea833a",
        "subject": "update com.fasterxml.jackson.core:jackson-databind 2.10.2 to 2.12.6.1",
        "date": "14/10/2022",
        "day": 14,
        "month": 10,
        "year": 2022,
        "author": "lxxawfl",
        "email": "114218541+lxxawfl@users.noreply.github.com",
        "technology": "xml",
        "path": [
            "pom.xml"
        ],
        "addedloc": 1,
        "deletedloc": 1
    },
    {
        "hash": "d4cd0f81b7becedae97f4c66b3a76a61eb8760d4",
        "subject": "3.2.2",
        "date": "06/09/2022",
        "day": 6,
        "month": 9,
        "year": 2022,
        "author": "shopizerecomm",
        "email": "csamson777@yahoo.com",
        "technology": "xml",
        "path": [
            "pom.xml"
        ],
        "addedloc": 6,
        "deletedloc": 23
    },
    {
        "hash": "820b22b73a8a376cc72e3a6400308e43d324e2d2",
        "subject": "search revised",
        "date": "26/08/2022",
        "day": 26,
        "month": 8,
        "year": 2022,
        "author": "shopizerecomm",
        "email": "csamson777@yahoo.com",
        "technology": "xml",
        "path": [
            "pom.xml"
        ],
        "addedloc": 4,
        "deletedloc": 5
    },
    {
        "hash": "3861b72b6fe810dc57cd47b0ea59012623165d80",
        "subject": "opensearch",
        "date": "24/08/2022",
        "day": 24,
        "month": 8,
        "year": 2022,
        "author": "shopizerecomm",
        "email": "csamson777@yahoo.com",
        "technology": "xml",
        "path": [
            "pom.xml"
        ],
        "addedloc": 3,
        "deletedloc": 2
    },
    {
        "hash": "b3084620dc51b56c3251eb55abd365e530694498",
        "subject": "3.2.1",
        "date": "23/06/2022",
        "day": 23,
        "month": 6,
        "year": 2022,
        "author": "shopizerecomm",
        "email": "csamson777@yahoo.com",
        "technology": "yml",
        "path": [
            ".circleci/config.yml"
        ],
        "addedloc": 2,
        "deletedloc": 2
    },
    {
        "hash": "f202440a262d99e5a297647dbfaec4587f45dc56",
        "subject": "upgrade spring boot 2.5.12",
        "date": "13/06/2022",
        "day": 13,
        "month": 6,
        "year": 2022,
        "author": "shopizerecomm",
        "email": "csamson777@yahoo.com",
        "technology": "xml",
        "path": [
            "pom.xml"
        ],
        "addedloc": 1,
        "deletedloc": 1
    },
    {
        "hash": "8b6f2d3578cab99995f0bf0320bf1857a90d2253",
        "subject": "Upgrade version 3.2.0",
        "date": "13/06/2022",
        "day": 13,
        "month": 6,
        "year": 2022,
        "author": "shopizerecomm",
        "email": "csamson777@yahoo.com",
        "technology": "xml",
        "path": [
            "pom.xml"
        ],
        "addedloc": 5,
        "deletedloc": 6
    },
    {
        "hash": "98e38326abf99c2e834f365fcfdd04c9fa14fb9d",
        "subject": "circle ci",
        "date": "29/05/2022",
        "day": 29,
        "month": 5,
        "year": 2022,
        "author": "shopizerecomm",
        "email": "csamson777@yahoo.com",
        "technology": "yml",
        "path": [
            ".circleci/config.yml"
        ],
        "addedloc": 2,
        "deletedloc": 2
    },
    {
        "hash": "6c085e54bab3f4fab6b282f6d1024544d3d31777",
        "subject": "circle",
        "date": "10/05/2022",
        "day": 10,
        "month": 5,
        "year": 2022,
        "author": "shopizerecomm",
        "email": "csamson777@yahoo.com",
        "technology": "yml",
        "path": [
            ".circleci/config.yml"
        ],
        "addedloc": 2,
        "deletedloc": 2
    },
    {
        "hash": "d6864f7098283b6a7fc367a1d789bfdf395301ab",
        "subject": "build latest docker image",
        "date": "16/04/2022",
        "day": 16,
        "month": 4,
        "year": 2022,
        "author": "shopizerecomm",
        "email": "csamson777@yahoo.com",
        "technology": "yml",
        "path": [
            ".circleci/config.yml"
        ],
        "addedloc": 2,
        "deletedloc": 2
    },
    {
        "hash": "2bdbe84e3fe3e0c3406adb9079b7793f4ac38b37",
        "subject": "3.0.2",
        "date": "27/03/2022",
        "day": 27,
        "month": 3,
        "year": 2022,
        "author": "shopizerecomm",
        "email": "csamson777@yahoo.com",
        "technology": "xml",
        "path": [
            "pom.xml"
        ],
        "addedloc": 5,
        "deletedloc": 7
    },
    {
        "hash": "154bfcb892e0004b9dba002454e47ca52817f787",
        "subject": "version 3.0.1",
        "date": "21/03/2022",
        "day": 21,
        "month": 3,
        "year": 2022,
        "author": "shopizerecomm",
        "email": "csamson777@yahoo.com",
        "technology": "yml",
        "path": [
            ".circleci/config.yml"
        ],
        "addedloc": 2,
        "deletedloc": 6
    },
    {
        "hash": "154bfcb892e0004b9dba002454e47ca52817f787",
        "subject": "version 3.0.1",
        "date": "21/03/2022",
        "day": 21,
        "month": 3,
        "year": 2022,
        "author": "shopizerecomm",
        "email": "csamson777@yahoo.com",
        "technology": "xml",
        "path": [
            "pom.xml"
        ],
        "addedloc": 1,
        "deletedloc": 1
    },
    {
        "hash": "b3d03e0d36f6b98736df6bd31292d11d7d28fcab",
        "subject": "improved query",
        "date": "21/03/2022",
        "day": 21,
        "month": 3,
        "year": 2022,
        "author": "shopizerecomm",
        "email": "csamson777@yahoo.com",
        "technology": "xml",
        "path": [
            "pom.xml"
        ],
        "addedloc": 1,
        "deletedloc": 1
    },
    {
        "hash": "5de544f1abeff1001900fa04a196bacb2ecbab7b",
        "subject": "version as property",
        "date": "14/02/2022",
        "day": 14,
        "month": 2,
        "year": 2022,
        "author": "shopizerecomm",
        "email": "csamson777@yahoo.com",
        "technology": "xml",
        "path": [
            "pom.xml"
        ],
        "addedloc": 1,
        "deletedloc": 1
    },
    {
        "hash": "32d9ef59167f3382d33cd25412f50b337fb87381",
        "subject": "circle",
        "date": "13/10/2021",
        "day": 13,
        "month": 10,
        "year": 2021,
        "author": "shopizer-ecommerce",
        "email": "csamson777@yahoo.com",
        "technology": "yml",
        "path": [
            ".circleci/config.yml"
        ],
        "addedloc": 0,
        "deletedloc": 2
    },
    {
        "hash": "79700e07c90f8036ac62096861258648b9cb1d81",
        "subject": "circle",
        "date": "13/10/2021",
        "day": 13,
        "month": 10,
        "year": 2021,
        "author": "shopizer-ecommerce",
        "email": "csamson777@yahoo.com",
        "technology": "yml",
        "path": [
            ".circleci/config.yml"
        ],
        "addedloc": 3,
        "deletedloc": 1
    },
    {
        "hash": "4589a37ccb039f817021dc41dd7d1b10f7d5486a",
        "subject": "circle",
        "date": "13/10/2021",
        "day": 13,
        "month": 10,
        "year": 2021,
        "author": "shopizer-ecommerce",
        "email": "csamson777@yahoo.com",
        "technology": "yml",
        "path": [
            ".circleci/config.yml"
        ],
        "addedloc": 1,
        "deletedloc": 1
    },
    {
        "hash": "63ff47f296750f32ff2b95a7c28044039bbc55b2",
        "subject": "Updated config.yml",
        "date": "13/10/2021",
        "day": 13,
        "month": 10,
        "year": 2021,
        "author": "Shopizer",
        "email": "csamson777@yahoo.com",
        "technology": "yml",
        "path": [
            ".circleci/config.yml"
        ],
        "addedloc": 1,
        "deletedloc": 1
    },
    {
        "hash": "7dfcae8445ae8ae46fe071ab5e73965952cd252f",
        "subject": "ProductApi",
        "date": "13/10/2021",
        "day": 13,
        "month": 10,
        "year": 2021,
        "author": "shopizer-ecommerce",
        "email": "csamson777@yahoo.com",
        "technology": "yml",
        "path": [
            ".circleci/config.yml"
        ],
        "addedloc": 1,
        "deletedloc": 0
    },
    {
        "hash": "6f654aafbeb045d8c950c2cb2dcf94b6bf69ce9e",
        "subject": "build img",
        "date": "03/10/2021",
        "day": 3,
        "month": 10,
        "year": 2021,
        "author": "shopizer-ecommerce",
        "email": "csamson777@yahoo.com",
        "technology": "yml",
        "path": [
            ".circleci/config.yml"
        ],
        "addedloc": 6,
        "deletedloc": 4
    },
    {
        "hash": "d94b0031b4e16b4580768d89d8642cb4138618ee",
        "subject": "Updates to compile with spring-boot-starter-parent 2.5.4",
        "date": "01/09/2021",
        "day": 1,
        "month": 9,
        "year": 2021,
        "author": "Nick",
        "email": "nick@manasys.co.nz",
        "technology": "xml",
        "path": [
            "pom.xml"
        ],
        "addedloc": 1,
        "deletedloc": 1
    },
    {
        "hash": "fdc5b3831667a4d5186fa2d73b7805016755df92",
        "subject": "SL4J / Logback error at startup",
        "date": "05/08/2021",
        "day": 5,
        "month": 8,
        "year": 2021,
        "author": "shopizer-ecommerce",
        "email": "csamson777@yahoo.com",
        "technology": "xml",
        "path": [
            "pom.xml"
        ],
        "addedloc": 16,
        "deletedloc": 33
    },
    {
        "hash": "3d346a69d74e23cb22259304ec95313e996263bb",
        "subject": "circle ci fix",
        "date": "08/07/2021",
        "day": 8,
        "month": 7,
        "year": 2021,
        "author": "shopizer-ecommerce",
        "email": "csamson777@yahoo.com",
        "technology": "yml",
        "path": [
            ".circleci/config.yml"
        ],
        "addedloc": 1,
        "deletedloc": 1
    },
    {
        "hash": "09be2c3d824581bb04a6a86b5ef9b69dcae7e779",
        "subject": "circle ci fix",
        "date": "08/07/2021",
        "day": 8,
        "month": 7,
        "year": 2021,
        "author": "shopizer-ecommerce",
        "email": "csamson777@yahoo.com",
        "technology": "yml",
        "path": [
            ".circleci/config.yml"
        ],
        "addedloc": 4,
        "deletedloc": 0
    },
    {
        "hash": "b7ba6448296df465e3360af258271107e1f8e0c1",
        "subject": "circle ci fix",
        "date": "08/07/2021",
        "day": 8,
        "month": 7,
        "year": 2021,
        "author": "shopizer-ecommerce",
        "email": "csamson777@yahoo.com",
        "technology": "yml",
        "path": [
            ".circleci/config.yml"
        ],
        "addedloc": 4,
        "deletedloc": 0
    },
    {
        "hash": "a752be889d5799d37e2ec20a3c90d7d97c756c64",
        "subject": "config yaml",
        "date": "07/07/2021",
        "day": 7,
        "month": 7,
        "year": 2021,
        "author": "shopizer-ecommerce",
        "email": "csamson777@yahoo.com",
        "technology": "yml",
        "path": [
            ".circleci/config.yml"
        ],
        "addedloc": 1,
        "deletedloc": 1
    },
    {
        "hash": "0e496dbcd26cb375cf2589c03df748759aab466a",
        "subject": "config yaml",
        "date": "07/07/2021",
        "day": 7,
        "month": 7,
        "year": 2021,
        "author": "shopizer-ecommerce",
        "email": "csamson777@yahoo.com",
        "technology": "yml",
        "path": [
            ".circleci/config.yml"
        ],
        "addedloc": 2,
        "deletedloc": 6
    },
    {
        "hash": "527dcc460cb140045dca2b9f842451bf5ae8d4b0",
        "subject": "config yaml",
        "date": "07/07/2021",
        "day": 7,
        "month": 7,
        "year": 2021,
        "author": "shopizer-ecommerce",
        "email": "csamson777@yahoo.com",
        "technology": "yml",
        "path": [
            ".circleci/config.yml"
        ],
        "addedloc": 4,
        "deletedloc": 4
    },
    {
        "hash": "a4c0b238d5275db31945ccf68e77727e6eb77989",
        "subject": "config yaml",
        "date": "07/07/2021",
        "day": 7,
        "month": 7,
        "year": 2021,
        "author": "shopizer-ecommerce",
        "email": "csamson777@yahoo.com",
        "technology": "yml",
        "path": [
            ".circleci/config.yml"
        ],
        "addedloc": 4,
        "deletedloc": 4
    },
    {
        "hash": "bbf3fb3805e08b444f5bfa31e990b38ef20954bc",
        "subject": "config yaml",
        "date": "07/07/2021",
        "day": 7,
        "month": 7,
        "year": 2021,
        "author": "shopizer-ecommerce",
        "email": "csamson777@yahoo.com",
        "technology": "yml",
        "path": [
            ".circleci/config.yml"
        ],
        "addedloc": 3,
        "deletedloc": 3
    },
    {
        "hash": "68b5d320ea02256e693ee1733d83219c86809277",
        "subject": "config yaml",
        "date": "07/07/2021",
        "day": 7,
        "month": 7,
        "year": 2021,
        "author": "shopizer-ecommerce",
        "email": "csamson777@yahoo.com",
        "technology": "yml",
        "path": [
            ".circleci/config.yml"
        ],
        "addedloc": 4,
        "deletedloc": 13
    },
    {
        "hash": "062c236ce4743a752d46e50b8c2aa61a1c2cacdf",
        "subject": "circle build image",
        "date": "03/07/2021",
        "day": 3,
        "month": 7,
        "year": 2021,
        "author": "shopizer-ecommerce",
        "email": "csamson777@yahoo.com",
        "technology": "yml",
        "path": [
            ".circleci/config.yml"
        ],
        "addedloc": 1,
        "deletedloc": 1
    },
    {
        "hash": "b18edcd1376e04845f0fb3d100690962cfb723cf",
        "subject": "circle build image",
        "date": "03/07/2021",
        "day": 3,
        "month": 7,
        "year": 2021,
        "author": "shopizer-ecommerce",
        "email": "csamson777@yahoo.com",
        "technology": "yml",
        "path": [
            ".circleci/config.yml"
        ],
        "addedloc": 3,
        "deletedloc": 0
    },
    {
        "hash": "64a4e6fb07801df2a4c1c39c02405e68e5dd2a68",
        "subject": "circle build image",
        "date": "03/07/2021",
        "day": 3,
        "month": 7,
        "year": 2021,
        "author": "shopizer-ecommerce",
        "email": "csamson777@yahoo.com",
        "technology": "yml",
        "path": [
            ".circleci/config.yml"
        ],
        "addedloc": 13,
        "deletedloc": 7
    },
    {
        "hash": "4887af2e5f27d720f8b180d92f2e4910437b3036",
        "subject": "circle build image",
        "date": "03/07/2021",
        "day": 3,
        "month": 7,
        "year": 2021,
        "author": "shopizer-ecommerce",
        "email": "csamson777@yahoo.com",
        "technology": "yml",
        "path": [
            ".circleci/config.yml"
        ],
        "addedloc": 5,
        "deletedloc": 1
    },
    {
        "hash": "5dff3bc2c5a992bab63c40565baed17f927a5b02",
        "subject": "circle build",
        "date": "03/07/2021",
        "day": 3,
        "month": 7,
        "year": 2021,
        "author": "shopizer-ecommerce",
        "email": "csamson777@yahoo.com",
        "technology": "yml",
        "path": [
            ".circleci/config.yml"
        ],
        "addedloc": 2,
        "deletedloc": 2
    },
    {
        "hash": "f9cb1a47cb260ebb88a8934f5c821eaf9d1625b9",
        "subject": "circle build",
        "date": "03/07/2021",
        "day": 3,
        "month": 7,
        "year": 2021,
        "author": "shopizer-ecommerce",
        "email": "csamson777@yahoo.com",
        "technology": "yml",
        "path": [
            ".circleci/config.yml"
        ],
        "addedloc": 9,
        "deletedloc": 7
    },
    {
        "hash": "91b75e876e9735e3a4e9d225a4017be36459a902",
        "subject": "circle build",
        "date": "03/07/2021",
        "day": 3,
        "month": 7,
        "year": 2021,
        "author": "shopizer-ecommerce",
        "email": "csamson777@yahoo.com",
        "technology": "yml",
        "path": [
            ".circleci/config.yml"
        ],
        "addedloc": 2,
        "deletedloc": 1
    },
    {
        "hash": "7186f907af1304d97c7b93eaaf065d9041e5a5ca",
        "subject": "circle build",
        "date": "03/07/2021",
        "day": 3,
        "month": 7,
        "year": 2021,
        "author": "shopizer-ecommerce",
        "email": "csamson777@yahoo.com",
        "technology": "yml",
        "path": [
            ".circleci/config.yml"
        ],
        "addedloc": 1,
        "deletedloc": 1
    },
    {
        "hash": "0c55b1fbea8f60d2690b02dc41312e94de244743",
        "subject": "circle build",
        "date": "03/07/2021",
        "day": 3,
        "month": 7,
        "year": 2021,
        "author": "shopizer-ecommerce",
        "email": "csamson777@yahoo.com",
        "technology": "yml",
        "path": [
            ".circleci/config.yml"
        ],
        "addedloc": 1,
        "deletedloc": 1
    },
    {
        "hash": "0509c4b632e218631f4bd8d7438a18f748fa8bb0",
        "subject": "circle build",
        "date": "03/07/2021",
        "day": 3,
        "month": 7,
        "year": 2021,
        "author": "shopizer-ecommerce",
        "email": "csamson777@yahoo.com",
        "technology": "yml",
        "path": [
            ".circleci/config.yml"
        ],
        "addedloc": 3,
        "deletedloc": 1
    },
    {
        "hash": "a119464abc47324d7c1ed877caaec4cc125e9ad8",
        "subject": "circle build",
        "date": "03/07/2021",
        "day": 3,
        "month": 7,
        "year": 2021,
        "author": "shopizer-ecommerce",
        "email": "csamson777@yahoo.com",
        "technology": "yml",
        "path": [
            ".circleci/config.yml"
        ],
        "addedloc": 2,
        "deletedloc": 2
    },
    {
        "hash": "cfacebc4745df7bcd5304ebf3fb36e2da0ecbb89",
        "subject": "build",
        "date": "02/07/2021",
        "day": 2,
        "month": 7,
        "year": 2021,
        "author": "shopizer-ecommerce",
        "email": "csamson777@yahoo.com",
        "technology": "yml",
        "path": [
            ".circleci/config.yml"
        ],
        "addedloc": 1,
        "deletedloc": 1
    },
    {
        "hash": "b0242e101defb969d81353ec71bc4371de6195f3",
        "subject": "build",
        "date": "02/07/2021",
        "day": 2,
        "month": 7,
        "year": 2021,
        "author": "shopizer-ecommerce",
        "email": "csamson777@yahoo.com",
        "technology": "yml",
        "path": [
            ".circleci/config.yml"
        ],
        "addedloc": 1,
        "deletedloc": 9
    },
    {
        "hash": "14bcb2361b5ebf783eeba5430f66c485d2744743",
        "subject": "Actuator settings",
        "date": "01/07/2021",
        "day": 1,
        "month": 7,
        "year": 2021,
        "author": "shopizer-ecommerce",
        "email": "csamson777@yahoo.com",
        "technology": "xml",
        "path": [
            "pom.xml"
        ],
        "addedloc": 1,
        "deletedloc": 1
    },
    {
        "hash": "9e45dad100d33d1f684ac93a5ba5fb3e73517cd0",
        "subject": "circle build",
        "date": "26/06/2021",
        "day": 26,
        "month": 6,
        "year": 2021,
        "author": "shopizer-ecommerce",
        "email": "csamson777@yahoo.com",
        "technology": "yml",
        "path": [
            ".circleci/config.yml"
        ],
        "addedloc": 1,
        "deletedloc": 1
    },
    {
        "hash": "4f2d77984e968f9be1b738bfd39f839bffa7cf87",
        "subject": "cleanup legacy artefacts",
        "date": "26/06/2021",
        "day": 26,
        "month": 6,
        "year": 2021,
        "author": "shopizer-ecommerce",
        "email": "csamson777@yahoo.com",
        "technology": "yml",
        "path": [
            ".circleci/config.yml"
        ],
        "addedloc": 2,
        "deletedloc": 33
    },
    {
        "hash": "4f2d77984e968f9be1b738bfd39f839bffa7cf87",
        "subject": "cleanup legacy artefacts",
        "date": "26/06/2021",
        "day": 26,
        "month": 6,
        "year": 2021,
        "author": "shopizer-ecommerce",
        "email": "csamson777@yahoo.com",
        "technology": "xml",
        "path": [
            "pom.xml"
        ],
        "addedloc": 6,
        "deletedloc": 6
    },
    {
        "hash": "944ff1dbb3941abd65b021107c85acf1ccd52142",
        "subject": "Dockerfile pom version",
        "date": "25/06/2021",
        "day": 25,
        "month": 6,
        "year": 2021,
        "author": "shopizer-ecommerce",
        "email": "csamson777@yahoo.com",
        "technology": "xml",
        "path": [
            "pom.xml"
        ],
        "addedloc": 1,
        "deletedloc": 1
    },
    {
        "hash": "b925a1beda8059bdea725f3ac4ed00d63da5f9c0",
        "subject": "[JSP-REMOVAL] Removed the jsp webapp entirely by refactoring the sm-shop application by clearing the SpringBootServletInitializer from its context. Removed the xml servelet configurations, updated the core filters, removed unused servlet exceptions and unused servlet imports, removed shop tags, and all related maven dependencies. Also removed extra white spaces from files and classes.",
        "date": "20/06/2021",
        "day": 20,
        "month": 6,
        "year": 2021,
        "author": "jcarachu@outlook.com",
        "email": "jcarachu@outlook.com",
        "technology": "xml",
        "path": [
            "pom.xml"
        ],
        "addedloc": 0,
        "deletedloc": 34
    },
    {
        "hash": "03500022a0c758c59b512d224ddf497fc61f2f88",
        "subject": "commons.io upgrade - upload file name validator",
        "date": "13/06/2021",
        "day": 13,
        "month": 6,
        "year": 2021,
        "author": "shopizer-ecommerce",
        "email": "csamson777@yahoo.com",
        "technology": "xml",
        "path": [
            "pom.xml"
        ],
        "addedloc": 1,
        "deletedloc": 1
    },
    {
        "hash": "47396903b3805080c87057ce057c68d36ef7fb2a",
        "subject": "v 2.17.0",
        "date": "04/05/2021",
        "day": 4,
        "month": 5,
        "year": 2021,
        "author": "shopizer-ecommerce",
        "email": "csamson777@yahoo.com",
        "technology": "xml",
        "path": [
            "pom.xml"
        ],
        "addedloc": 2,
        "deletedloc": 2
    },
    {
        "hash": "4a72a29bd028a960b6482c3b43fdc422e13ade40",
        "subject": "fix: pom.xml to reduce vulnerabilities",
        "date": "09/02/2021",
        "day": 9,
        "month": 2,
        "year": 2021,
        "author": "snyk-bot",
        "email": "snyk-bot@snyk.io",
        "technology": "xml",
        "path": [
            "pom.xml"
        ],
        "addedloc": 2,
        "deletedloc": 2
    },
    {
        "hash": "85253642256a175615840d04c2760727726e4571",
        "subject": "upgrade decision tables - basic logic for order customer",
        "date": "14/01/2021",
        "day": 14,
        "month": 1,
        "year": 2021,
        "author": "shopizer-ecommerce",
        "email": "csamson777@yahoo.com",
        "technology": "xml",
        "path": [
            "pom.xml"
        ],
        "addedloc": 1,
        "deletedloc": 1
    },
    {
        "hash": "7a6a189fa000bfbc2bee2c96df5fa0014d0fa228",
        "subject": "Fix error page",
        "date": "27/12/2020",
        "day": 27,
        "month": 12,
        "year": 2020,
        "author": "shopizer-ecommerce",
        "email": "csamson777@yahoo.com",
        "technology": "xml",
        "path": [
            "pom.xml"
        ],
        "addedloc": 43,
        "deletedloc": 94
    },
    {
        "hash": "93f4592693db3afca27c85b2fb2dbe9d2c9d3073",
        "subject": "product list refactoring",
        "date": "16/12/2020",
        "day": 16,
        "month": 12,
        "year": 2020,
        "author": "shopizer-ecommerce",
        "email": "csamson777@yahoo.com",
        "technology": "yml",
        "path": [
            ".circleci/config.yml"
        ],
        "addedloc": 1,
        "deletedloc": 1
    },
    {
        "hash": "ec149490f9123b054be37f823971a3bce40afa01",
        "subject": "product list refactoring",
        "date": "16/12/2020",
        "day": 16,
        "month": 12,
        "year": 2020,
        "author": "shopizer-ecommerce",
        "email": "csamson777@yahoo.com",
        "technology": "yml",
        "path": [
            ".circleci/config.yml"
        ],
        "addedloc": 2,
        "deletedloc": 2
    },
    {
        "hash": "8975b9f3584ca1a34dd4bb5b161d5eb2cd47a8e0",
        "subject": "product list refactoring",
        "date": "16/12/2020",
        "day": 16,
        "month": 12,
        "year": 2020,
        "author": "shopizer-ecommerce",
        "email": "csamson777@yahoo.com",
        "technology": "yml",
        "path": [
            ".circleci/config.yml"
        ],
        "addedloc": 2,
        "deletedloc": 2
    },
    {
        "hash": "5cc6ff04ff8a24d52734eab983c81b6939152ce8",
        "subject": "product list refactoring",
        "date": "16/12/2020",
        "day": 16,
        "month": 12,
        "year": 2020,
        "author": "shopizer-ecommerce",
        "email": "csamson777@yahoo.com",
        "technology": "yml",
        "path": [
            ".circleci/config.yml"
        ],
        "addedloc": 1,
        "deletedloc": 1
    },
    {
        "hash": "1bf2a740fb7ba5ed6ec9a5b8214998521c659998",
        "subject": "product list refactoring",
        "date": "16/12/2020",
        "day": 16,
        "month": 12,
        "year": 2020,
        "author": "shopizer-ecommerce",
        "email": "csamson777@yahoo.com",
        "technology": "yml",
        "path": [
            ".circleci/config.yml"
        ],
        "addedloc": 7,
        "deletedloc": 4
    },
    {
        "hash": "04af2f581651bdb2a0136ab5a000fc3d5471194d",
        "subject": "docker build",
        "date": "16/12/2020",
        "day": 16,
        "month": 12,
        "year": 2020,
        "author": "shopizer-ecommerce",
        "email": "csamson777@yahoo.com",
        "technology": "yml",
        "path": [
            ".circleci/config.yml"
        ],
        "addedloc": 1,
        "deletedloc": 1
    },
    {
        "hash": "375b41224d3a66e4077a46f003e0318e3e802300",
        "subject": "docker build",
        "date": "16/12/2020",
        "day": 16,
        "month": 12,
        "year": 2020,
        "author": "shopizer-ecommerce",
        "email": "csamson777@yahoo.com",
        "technology": "yml",
        "path": [
            ".circleci/config.yml"
        ],
        "addedloc": 1,
        "deletedloc": 1
    },
    {
        "hash": "9cf63edb57d5240b9d800f59c1643a1df13e0475",
        "subject": "docker build",
        "date": "16/12/2020",
        "day": 16,
        "month": 12,
        "year": 2020,
        "author": "shopizer-ecommerce",
        "email": "csamson777@yahoo.com",
        "technology": "yml",
        "path": [
            ".circleci/config.yml"
        ],
        "addedloc": 2,
        "deletedloc": 4
    },
    {
        "hash": "532a8ceaa8b6f1cb79bf911649b45fe15ed1d400",
        "subject": "docker build",
        "date": "16/12/2020",
        "day": 16,
        "month": 12,
        "year": 2020,
        "author": "shopizer-ecommerce",
        "email": "csamson777@yahoo.com",
        "technology": "yml",
        "path": [
            ".circleci/config.yml"
        ],
        "addedloc": 9,
        "deletedloc": 1
    },
    {
        "hash": "696775bf6c20c2a6c0307888ee66c01f53dbd872",
        "subject": "docker build",
        "date": "16/12/2020",
        "day": 16,
        "month": 12,
        "year": 2020,
        "author": "shopizer-ecommerce",
        "email": "csamson777@yahoo.com",
        "technology": "yml",
        "path": [
            ".circleci/config.yml"
        ],
        "addedloc": 7,
        "deletedloc": 2
    },
    {
        "hash": "9a777229f650571573d4d6a5b82d892219a23b58",
        "subject": "docker build",
        "date": "16/12/2020",
        "day": 16,
        "month": 12,
        "year": 2020,
        "author": "shopizer-ecommerce",
        "email": "csamson777@yahoo.com",
        "technology": "yml",
        "path": [
            ".circleci/config.yml"
        ],
        "addedloc": 2,
        "deletedloc": 5
    },
    {
        "hash": "a972c302ae1f52681cef88a872d4672b2c45aac0",
        "subject": "test add maven plugin",
        "date": "15/12/2020",
        "day": 15,
        "month": 12,
        "year": 2020,
        "author": "shopizer-ecommerce",
        "email": "csamson777@yahoo.com",
        "technology": "yml",
        "path": [
            ".circleci/config.yml"
        ],
        "addedloc": 9,
        "deletedloc": 9
    },
    {
        "hash": "af67272ec57b2be015a88920be7304606673cdff",
        "subject": "test add maven plugin",
        "date": "15/12/2020",
        "day": 15,
        "month": 12,
        "year": 2020,
        "author": "shopizer-ecommerce",
        "email": "csamson777@yahoo.com",
        "technology": "yml",
        "path": [
            ".circleci/config.yml"
        ],
        "addedloc": 4,
        "deletedloc": 1
    },
    {
        "hash": "54e7c30e375d64149b7c051cab23f15968813fbf",
        "subject": "test add maven plugin",
        "date": "15/12/2020",
        "day": 15,
        "month": 12,
        "year": 2020,
        "author": "shopizer-ecommerce",
        "email": "csamson777@yahoo.com",
        "technology": "yml",
        "path": [
            ".circleci/config.yml"
        ],
        "addedloc": 20,
        "deletedloc": 5
    },
    {
        "hash": "1ff373f2ddc8f22e10a960d959fe7689546e3361",
        "subject": "test add maven plugin",
        "date": "15/12/2020",
        "day": 15,
        "month": 12,
        "year": 2020,
        "author": "shopizer-ecommerce",
        "email": "csamson777@yahoo.com",
        "technology": "yml",
        "path": [
            ".circleci/config.yml"
        ],
        "addedloc": 2,
        "deletedloc": 0
    },
    {
        "hash": "d5ffddb125565161e6af8e1f9fce555bf06c3db5",
        "subject": "test add maven plugin",
        "date": "15/12/2020",
        "day": 15,
        "month": 12,
        "year": 2020,
        "author": "shopizer-ecommerce",
        "email": "csamson777@yahoo.com",
        "technology": "yml",
        "path": [
            ".circleci/config.yml"
        ],
        "addedloc": 4,
        "deletedloc": 6
    },
    {
        "hash": "369933e0749e429d1d8cdcaf02078bd2fe2aa89a",
        "subject": "test add maven plugin",
        "date": "15/12/2020",
        "day": 15,
        "month": 12,
        "year": 2020,
        "author": "shopizer-ecommerce",
        "email": "csamson777@yahoo.com",
        "technology": "yml",
        "path": [
            ".circleci/config.yml"
        ],
        "addedloc": 1,
        "deletedloc": 6
    },
    {
        "hash": "aa970befa2836f5b741cae12ac51734c08e00390",
        "subject": "test add maven plugin",
        "date": "15/12/2020",
        "day": 15,
        "month": 12,
        "year": 2020,
        "author": "shopizer-ecommerce",
        "email": "csamson777@yahoo.com",
        "technology": "yml",
        "path": [
            ".circleci/config.yml"
        ],
        "addedloc": 1,
        "deletedloc": 1
    },
    {
        "hash": "a6eab12387a5f60f9d19ec937ea69f97ffc63a1a",
        "subject": "test add maven plugin",
        "date": "15/12/2020",
        "day": 15,
        "month": 12,
        "year": 2020,
        "author": "shopizer-ecommerce",
        "email": "csamson777@yahoo.com",
        "technology": "yml",
        "path": [
            ".circleci/config.yml"
        ],
        "addedloc": 3,
        "deletedloc": 0
    },
    {
        "hash": "4c7befae02b1e86aaeb85a980a8ef225ae6bd9a3",
        "subject": "test add maven plugin",
        "date": "15/12/2020",
        "day": 15,
        "month": 12,
        "year": 2020,
        "author": "shopizer-ecommerce",
        "email": "csamson777@yahoo.com",
        "technology": "yml",
        "path": [
            ".circleci/config.yml"
        ],
        "addedloc": 4,
        "deletedloc": 7
    },
    {
        "hash": "fcc0552e6bd86646b94e36db37229e820d2775d0",
        "subject": "test add maven plugin",
        "date": "15/12/2020",
        "day": 15,
        "month": 12,
        "year": 2020,
        "author": "shopizer-ecommerce",
        "email": "csamson777@yahoo.com",
        "technology": "yml",
        "path": [
            ".circleci/config.yml"
        ],
        "addedloc": 14,
        "deletedloc": 18
    },
    {
        "hash": "fcc0552e6bd86646b94e36db37229e820d2775d0",
        "subject": "test add maven plugin",
        "date": "15/12/2020",
        "day": 15,
        "month": 12,
        "year": 2020,
        "author": "shopizer-ecommerce",
        "email": "csamson777@yahoo.com",
        "technology": "xml",
        "path": [
            "pom.xml"
        ],
        "addedloc": 56,
        "deletedloc": 1
    },
    {
        "hash": "0022e5b9264a2f580c67e87750ebc91ab6d0bac3",
        "subject": "test add maven plugin",
        "date": "15/12/2020",
        "day": 15,
        "month": 12,
        "year": 2020,
        "author": "shopizer-ecommerce",
        "email": "csamson777@yahoo.com",
        "technology": "yml",
        "path": [
            ".circleci/config.yml"
        ],
        "addedloc": 1,
        "deletedloc": 1
    },
    {
        "hash": "309be63c2f02dfe5b4c67a0d9e7448357ff5b6c1",
        "subject": "test add maven plugin",
        "date": "15/12/2020",
        "day": 15,
        "month": 12,
        "year": 2020,
        "author": "shopizer-ecommerce",
        "email": "csamson777@yahoo.com",
        "technology": "yml",
        "path": [
            ".circleci/config.yml"
        ],
        "addedloc": 1,
        "deletedloc": 1
    },
    {
        "hash": "62c39d8c588944002f90ac5e66a8a460ce34bedf",
        "subject": "test add maven plugin",
        "date": "15/12/2020",
        "day": 15,
        "month": 12,
        "year": 2020,
        "author": "shopizer-ecommerce",
        "email": "csamson777@yahoo.com",
        "technology": "yml",
        "path": [
            ".circleci/config.yml"
        ],
        "addedloc": 1,
        "deletedloc": 1
    },
    {
        "hash": "ed864e59f9062349bcb1b80a1bc361c51c596d37",
        "subject": "test add maven plugin",
        "date": "15/12/2020",
        "day": 15,
        "month": 12,
        "year": 2020,
        "author": "shopizer-ecommerce",
        "email": "csamson777@yahoo.com",
        "technology": "yml",
        "path": [
            ".circleci/config.yml"
        ],
        "addedloc": 1,
        "deletedloc": 1
    },
    {
        "hash": "8b301a67a73c4c9a93a5517ec53831db18135a57",
        "subject": "test jacoco plugin addition",
        "date": "15/12/2020",
        "day": 15,
        "month": 12,
        "year": 2020,
        "author": "shopizer-ecommerce",
        "email": "csamson777@yahoo.com",
        "technology": "xml",
        "path": [
            "pom.xml"
        ],
        "addedloc": 1,
        "deletedloc": 56
    },
    {
        "hash": "9c8bdaf4c6b1fe5ff549e2258048e959333185f6",
        "subject": "featured category",
        "date": "14/12/2020",
        "day": 14,
        "month": 12,
        "year": 2020,
        "author": "shopizer-ecommerce",
        "email": "csamson777@yahoo.com",
        "technology": "xml",
        "path": [
            "pom.xml"
        ],
        "addedloc": 1,
        "deletedloc": 1
    },
    {
        "hash": "2978532af48aefcb850e55ec46b8a7f007066ae0",
        "subject": "test circle",
        "date": "13/12/2020",
        "day": 13,
        "month": 12,
        "year": 2020,
        "author": "shopizer-ecommerce",
        "email": "csamson777@yahoo.com",
        "technology": "yml",
        "path": [
            ".circleci/config.yml"
        ],
        "addedloc": 1,
        "deletedloc": 1
    },
    {
        "hash": "8b01b977be04ae1d2c865064b41b28ebda3d81fe",
        "subject": "test circle",
        "date": "13/12/2020",
        "day": 13,
        "month": 12,
        "year": 2020,
        "author": "shopizer-ecommerce",
        "email": "csamson777@yahoo.com",
        "technology": "yml",
        "path": [
            ".circleci/config.yml"
        ],
        "addedloc": 1,
        "deletedloc": 1
    },
    {
        "hash": "8ae9eb1f4c62e4ec9bb1f6eb94ec058cfc99eaa1",
        "subject": "test circle",
        "date": "13/12/2020",
        "day": 13,
        "month": 12,
        "year": 2020,
        "author": "shopizer-ecommerce",
        "email": "csamson777@yahoo.com",
        "technology": "yml",
        "path": [
            ".circleci/config.yml"
        ],
        "addedloc": 1,
        "deletedloc": 1
    },
    {
        "hash": "9a82e80459b5b1c774db56a63e8d7792420d4e26",
        "subject": "test circle",
        "date": "13/12/2020",
        "day": 13,
        "month": 12,
        "year": 2020,
        "author": "shopizer-ecommerce",
        "email": "csamson777@yahoo.com",
        "technology": "yml",
        "path": [
            ".circleci/config.yml"
        ],
        "addedloc": 3,
        "deletedloc": 2
    },
    {
        "hash": "a128d43f185e88341f01280130d272283bef39d3",
        "subject": "test circle",
        "date": "13/12/2020",
        "day": 13,
        "month": 12,
        "year": 2020,
        "author": "shopizer-ecommerce",
        "email": "csamson777@yahoo.com",
        "technology": "yml",
        "path": [
            ".circleci/config.yml"
        ],
        "addedloc": 2,
        "deletedloc": 3
    },
    {
        "hash": "97d5f62116454122f683cccabeb6aeac4217084a",
        "subject": "test circle",
        "date": "13/12/2020",
        "day": 13,
        "month": 12,
        "year": 2020,
        "author": "shopizer-ecommerce",
        "email": "csamson777@yahoo.com",
        "technology": "yml",
        "path": [
            ".circleci/config.yml"
        ],
        "addedloc": 1,
        "deletedloc": 1
    },
    {
        "hash": "9ad45d411bb912da013a40c415e4253ce73910f4",
        "subject": "test circle",
        "date": "13/12/2020",
        "day": 13,
        "month": 12,
        "year": 2020,
        "author": "shopizer-ecommerce",
        "email": "csamson777@yahoo.com",
        "technology": "yml",
        "path": [
            ".circleci/config.yml"
        ],
        "addedloc": 1,
        "deletedloc": 1
    },
    {
        "hash": "a7ba6f4aa38f803ca3267b41863b1a06590afb79",
        "subject": "test circle",
        "date": "13/12/2020",
        "day": 13,
        "month": 12,
        "year": 2020,
        "author": "shopizer-ecommerce",
        "email": "csamson777@yahoo.com",
        "technology": "yml",
        "path": [
            ".circleci/config.yml"
        ],
        "addedloc": 1,
        "deletedloc": 1
    },
    {
        "hash": "62245ae4b9d2b6c0702c108f0064604a0438c4c9",
        "subject": "test circle",
        "date": "13/12/2020",
        "day": 13,
        "month": 12,
        "year": 2020,
        "author": "shopizer-ecommerce",
        "email": "csamson777@yahoo.com",
        "technology": "yml",
        "path": [
            ".circleci/config.yml"
        ],
        "addedloc": 1,
        "deletedloc": 1
    },
    {
        "hash": "06c192f0a3f08fcf6f739b1cb08df612457a0706",
        "subject": "test circle",
        "date": "13/12/2020",
        "day": 13,
        "month": 12,
        "year": 2020,
        "author": "shopizer-ecommerce",
        "email": "csamson777@yahoo.com",
        "technology": "yml",
        "path": [
            ".circleci/config.yml"
        ],
        "addedloc": 2,
        "deletedloc": 1
    },
    {
        "hash": "f08ebce06d868f6322e2543cae1886967cdd2cdf",
        "subject": "test circle",
        "date": "13/12/2020",
        "day": 13,
        "month": 12,
        "year": 2020,
        "author": "shopizer-ecommerce",
        "email": "csamson777@yahoo.com",
        "technology": "yml",
        "path": [
            ".circleci/config.yml"
        ],
        "addedloc": 3,
        "deletedloc": 2
    },
    {
        "hash": "483f20124256f1595d69ee631a2347c141067121",
        "subject": "add circleci tests",
        "date": "10/12/2020",
        "day": 10,
        "month": 12,
        "year": 2020,
        "author": "shopizer-ecommerce",
        "email": "csamson777@yahoo.com",
        "technology": "yml",
        "path": [
            ".circleci/config.yml"
        ],
        "addedloc": 2,
        "deletedloc": 1
    },
    {
        "hash": "db450bb0467dc6fa0182cfdb0ebeb0480e6c4f5a",
        "subject": "add circleci tests",
        "date": "10/12/2020",
        "day": 10,
        "month": 12,
        "year": 2020,
        "author": "shopizer-ecommerce",
        "email": "csamson777@yahoo.com",
        "technology": "yml",
        "path": [
            ".circleci/config.yml"
        ],
        "addedloc": 1,
        "deletedloc": 1
    },
    {
        "hash": "ba2da25251bbe38c51aba207f43f81b0a387f9cf",
        "subject": "add circleci tests",
        "date": "10/12/2020",
        "day": 10,
        "month": 12,
        "year": 2020,
        "author": "shopizer-ecommerce",
        "email": "csamson777@yahoo.com",
        "technology": "yml",
        "path": [
            ".circleci/config.yml"
        ],
        "addedloc": 13,
        "deletedloc": 12
    },
    {
        "hash": "712afe168af7f1e7486101ea617c9c3a50b42ad4",
        "subject": "add circleci tests",
        "date": "10/12/2020",
        "day": 10,
        "month": 12,
        "year": 2020,
        "author": "shopizer-ecommerce",
        "email": "csamson777@yahoo.com",
        "technology": "yml",
        "path": [
            ".circleci/config.yml"
        ],
        "addedloc": 1,
        "deletedloc": 1
    },
    {
        "hash": "3554a93ac8f67217af74ff6d6c9ae8c91d8c03ee",
        "subject": "add circleci tests",
        "date": "10/12/2020",
        "day": 10,
        "month": 12,
        "year": 2020,
        "author": "shopizer-ecommerce",
        "email": "csamson777@yahoo.com",
        "technology": "yml",
        "path": [
            ".circleci/config.yml"
        ],
        "addedloc": 1,
        "deletedloc": 1
    },
    {
        "hash": "6c05a47ccf1880c6ec3e489270955c5a30db1e84",
        "subject": "add circleci tests",
        "date": "10/12/2020",
        "day": 10,
        "month": 12,
        "year": 2020,
        "author": "shopizer-ecommerce",
        "email": "csamson777@yahoo.com",
        "technology": "yml",
        "path": [
            ".circleci/config.yml"
        ],
        "addedloc": 2,
        "deletedloc": 1
    },
    {
        "hash": "971ca50ca9e178d98cf5de2d1ee0ca155be98244",
        "subject": "add circleci tests",
        "date": "10/12/2020",
        "day": 10,
        "month": 12,
        "year": 2020,
        "author": "shopizer-ecommerce",
        "email": "csamson777@yahoo.com",
        "technology": "yml",
        "path": [
            ".circleci/config.yml"
        ],
        "addedloc": 14,
        "deletedloc": 13
    },
    {
        "hash": "95e597050f8fbc1ec4f6928a8a9735059d99a372",
        "subject": "add circleci tests",
        "date": "10/12/2020",
        "day": 10,
        "month": 12,
        "year": 2020,
        "author": "shopizer-ecommerce",
        "email": "csamson777@yahoo.com",
        "technology": "yml",
        "path": [
            ".circleci/config.yml"
        ],
        "addedloc": 46,
        "deletedloc": 15
    },
    {
        "hash": "0977cb00304ca402b972f506f5a35fa4e5b8ebf8",
        "subject": "add circleci tests",
        "date": "10/12/2020",
        "day": 10,
        "month": 12,
        "year": 2020,
        "author": "shopizer-ecommerce",
        "email": "csamson777@yahoo.com",
        "technology": "yml",
        "path": [
            ".circleci/config.yml"
        ],
        "addedloc": 2,
        "deletedloc": 2
    },
    {
        "hash": "03cb472388b2afd3171bed8a24695edc49404ad3",
        "subject": "add circleci tests",
        "date": "10/12/2020",
        "day": 10,
        "month": 12,
        "year": 2020,
        "author": "shopizer-ecommerce",
        "email": "csamson777@yahoo.com",
        "technology": "yml",
        "path": [
            ".circleci/config.yml"
        ],
        "addedloc": 1,
        "deletedloc": 1
    },
    {
        "hash": "c3ab315f74a7c25ca197700250c01b9d3e307b36",
        "subject": "add circleci tests",
        "date": "10/12/2020",
        "day": 10,
        "month": 12,
        "year": 2020,
        "author": "shopizer-ecommerce",
        "email": "csamson777@yahoo.com",
        "technology": "yml",
        "path": [
            ".circleci/config.yml"
        ],
        "addedloc": 4,
        "deletedloc": 3
    },
    {
        "hash": "18ab6a63389633932f9e7511fad1df858badff5f",
        "subject": "add circleci tests",
        "date": "10/12/2020",
        "day": 10,
        "month": 12,
        "year": 2020,
        "author": "shopizer-ecommerce",
        "email": "csamson777@yahoo.com",
        "technology": "yml",
        "path": [
            ".circleci/config.yml"
        ],
        "addedloc": 10,
        "deletedloc": 2
    },
    {
        "hash": "280221efe9b328f1152f5c744a015ba8a3cb5f71",
        "subject": "Attempt circle ci",
        "date": "10/12/2020",
        "day": 10,
        "month": 12,
        "year": 2020,
        "author": "shopizer-ecommerce",
        "email": "csamson777@yahoo.com",
        "technology": "yml",
        "path": [
            ".circleci/config.yml"
        ],
        "addedloc": 1,
        "deletedloc": 1
    },
    {
        "hash": "5472b2dfb57332a1a5c171ba992bf86153e62dd5",
        "subject": "Attempt circle ci",
        "date": "10/12/2020",
        "day": 10,
        "month": 12,
        "year": 2020,
        "author": "shopizer-ecommerce",
        "email": "csamson777@yahoo.com",
        "technology": "yml",
        "path": [
            ".circleci/config.yml"
        ],
        "addedloc": 12,
        "deletedloc": 4
    },
    {
        "hash": "84b2109e10ebb5efb15584a4eec165caaa331837",
        "subject": "circle ci build",
        "date": "10/12/2020",
        "day": 10,
        "month": 12,
        "year": 2020,
        "author": "shopizer-ecommerce",
        "email": "csamson777@yahoo.com",
        "technology": "yml",
        "path": [
            ".circleci/config.yml"
        ],
        "addedloc": 13,
        "deletedloc": 15
    },
    {
        "hash": "93f6756ff85a3d1a6cafd1a3aa8affe643233297",
        "subject": "circle ci job",
        "date": "08/12/2020",
        "day": 8,
        "month": 12,
        "year": 2020,
        "author": "shopizer-ecommerce",
        "email": "csamson777@yahoo.com",
        "technology": "yml",
        "path": [
            ".circleci/config.yml"
        ],
        "addedloc": 1,
        "deletedloc": 1
    },
    {
        "hash": "56b5ce67deb8f809774be5d4c699792bb3418c97",
        "subject": "circle ci job",
        "date": "08/12/2020",
        "day": 8,
        "month": 12,
        "year": 2020,
        "author": "shopizer-ecommerce",
        "email": "csamson777@yahoo.com",
        "technology": "yml",
        "path": [
            ".circleci/config.yml"
        ],
        "addedloc": 4,
        "deletedloc": 4
    },
    {
        "hash": "441a474ce7c8c62b5e5a590feb4ee14a93522fba",
        "subject": "circle ci job",
        "date": "08/12/2020",
        "day": 8,
        "month": 12,
        "year": 2020,
        "author": "shopizer-ecommerce",
        "email": "csamson777@yahoo.com",
        "technology": "yml",
        "path": [
            ".circleci/config.yml"
        ],
        "addedloc": 17,
        "deletedloc": 34
    },
    {
        "hash": "87550d8b6a140255797754c9b8632deb0410f087",
        "subject": "tag 2.16.0",
        "date": "01/12/2020",
        "day": 1,
        "month": 12,
        "year": 2020,
        "author": "shopizer-ecommerce",
        "email": "csamson777@yahoo.com",
        "technology": "xml",
        "path": [
            "pom.xml"
        ],
        "addedloc": 3,
        "deletedloc": 3
    },
    {
        "hash": "d17d0f3e66a3502ea9b6a4bf8ee45ad3cb72927a",
        "subject": "Fixed oracle GROUP BY issue https://github.com/shopizer-ecommerce/shopizer/issues/501",
        "date": "11/11/2020",
        "day": 11,
        "month": 11,
        "year": 2020,
        "author": "shopizer-ecommerce",
        "email": "csamson777@yahoo.com",
        "technology": "xml",
        "path": [
            "pom.xml"
        ],
        "addedloc": 9,
        "deletedloc": 5
    },
    {
        "hash": "a3d3f677fcbb4b79f912f161b7f97b4957c451b8",
        "subject": "cleanup pom",
        "date": "01/11/2020",
        "day": 1,
        "month": 11,
        "year": 2020,
        "author": "shopizer-ecommerce",
        "email": "csamson777@yahoo.com",
        "technology": "xml",
        "path": [
            "pom.xml"
        ],
        "addedloc": 0,
        "deletedloc": 12
    },
    {
        "hash": "66cb96e5015ed8bc23c33b2df018012ae49c202b",
        "subject": "JSR cache with ehcache",
        "date": "01/11/2020",
        "day": 1,
        "month": 11,
        "year": 2020,
        "author": "shopizer-ecommerce",
        "email": "csamson777@yahoo.com",
        "technology": "xml",
        "path": [
            "pom.xml"
        ],
        "addedloc": 4,
        "deletedloc": 0
    },
    {
        "hash": "e73339c80e4043fdb8a4cc9bf235ac9ceace97b5",
        "subject": "version 2.15",
        "date": "30/10/2020",
        "day": 30,
        "month": 10,
        "year": 2020,
        "author": "shopizer-ecommerce",
        "email": "csamson777@yahoo.com",
        "technology": "xml",
        "path": [
            "pom.xml"
        ],
        "addedloc": 2,
        "deletedloc": 2
    },
    {
        "hash": "fa79679accc999fc7b28d8eda12c4d920114a744",
        "subject": "Support for Oracle and Postgressql",
        "date": "30/10/2020",
        "day": 30,
        "month": 10,
        "year": 2020,
        "author": "shopizer-ecommerce",
        "email": "csamson777@yahoo.com",
        "technology": "xml",
        "path": [
            "pom.xml"
        ],
        "addedloc": 59,
        "deletedloc": 61
    },
    {
        "hash": "7fe773d3a840376c69af301d5488889fbab7170f",
        "subject": "Copy branch",
        "date": "28/10/2020",
        "day": 28,
        "month": 10,
        "year": 2020,
        "author": "shopizer-ecommerce",
        "email": "csamson777@yahoo.com",
        "technology": "xml",
        "path": [
            "pom.xml"
        ],
        "addedloc": 1,
        "deletedloc": 1
    },
    {
        "hash": "d03f825384af659e5538bcbc87a0c786789a0749",
        "subject": "Schema constant",
        "date": "28/10/2020",
        "day": 28,
        "month": 10,
        "year": 2020,
        "author": "shopizer-ecommerce",
        "email": "csamson777@yahoo.com",
        "technology": "xml",
        "path": [
            "pom.xml"
        ],
        "addedloc": 11,
        "deletedloc": 1
    },
    {
        "hash": "d07e87683550aaa7a7ebc07af6749b7aba18e307",
        "subject": "Fixed 2 unit tests CustomerRegistration + ProductManagement",
        "date": "05/10/2020",
        "day": 5,
        "month": 10,
        "year": 2020,
        "author": "shopizer-ecommerce",
        "email": "csamson777@yahoo.com",
        "technology": "xml",
        "path": [
            "pom.xml"
        ],
        "addedloc": 6,
        "deletedloc": 0
    },
    {
        "hash": "f15bdf7ac774d9bd243f1901d9b8a8947d68fd4b",
        "subject": "Spring boot 2.3.3",
        "date": "29/09/2020",
        "day": 29,
        "month": 9,
        "year": 2020,
        "author": "shopizer-ecommerce",
        "email": "csamson777@yahoo.com",
        "technology": "xml",
        "path": [
            "pom.xml"
        ],
        "addedloc": 1,
        "deletedloc": 1
    },
    {
        "hash": "0aea8686c2f0f0bf46f57ca3b1c087e7bd088e43",
        "subject": "2.14.0",
        "date": "29/09/2020",
        "day": 29,
        "month": 9,
        "year": 2020,
        "author": "shopizer-ecommerce",
        "email": "csamson777@yahoo.com",
        "technology": "xml",
        "path": [
            "pom.xml"
        ],
        "addedloc": 2,
        "deletedloc": 2
    },
    {
        "hash": "ffd16577e3a0483ca8a381895cbbdf6190e68c69",
        "subject": "upgraded mysql connector, please read new configuration otherwise starting the instance will fail",
        "date": "04/09/2020",
        "day": 4,
        "month": 9,
        "year": 2020,
        "author": "shopizer-ecommerce",
        "email": "csamson777@yahoo.com",
        "technology": "xml",
        "path": [
            "pom.xml"
        ],
        "addedloc": 21,
        "deletedloc": 1
    },
    {
        "hash": "b6b3967a6b439f61171286063fe93794abbacc32",
        "subject": "properties cleanup",
        "date": "01/09/2020",
        "day": 1,
        "month": 9,
        "year": 2020,
        "author": "shopizer-ecommerce",
        "email": "csamson777@yahoo.com",
        "technology": "xml",
        "path": [
            "pom.xml"
        ],
        "addedloc": 3,
        "deletedloc": 4
    },
    {
        "hash": "10518e9603407454c7486a98f720fd0dfe41b6d9",
        "subject": "Product type readable",
        "date": "31/08/2020",
        "day": 31,
        "month": 8,
        "year": 2020,
        "author": "shopizer-ecommerce",
        "email": "csamson777@yahoo.com",
        "technology": "xml",
        "path": [
            "pom.xml"
        ],
        "addedloc": 0,
        "deletedloc": 19
    },
    {
        "hash": "7a9a86cd568bf7d40bf8c4b0339b09eba4ea44cc",
        "subject": "V2.13.0",
        "date": "28/08/2020",
        "day": 28,
        "month": 8,
        "year": 2020,
        "author": "shopizer-ecommerce",
        "email": "csamson777@yahoo.com",
        "technology": "xml",
        "path": [
            "pom.xml"
        ],
        "addedloc": 2,
        "deletedloc": 2
    },
    {
        "hash": "59927c1f2174d7f5fde59dbf711029a7fe9820e1",
        "subject": "Bump commons collection to 4.1",
        "date": "22/07/2020",
        "day": 22,
        "month": 7,
        "year": 2020,
        "author": "shopizer-ecommerce",
        "email": "csamson777@yahoo.com",
        "technology": "xml",
        "path": [
            "pom.xml"
        ],
        "addedloc": 1,
        "deletedloc": 1
    },
    {
        "hash": "52b3fc33d4f3628ee537df63e9e9d8fd2b43635a",
        "subject": "Redable Billing",
        "date": "28/06/2020",
        "day": 28,
        "month": 6,
        "year": 2020,
        "author": "shopizer-ecommerce",
        "email": "csamson777@yahoo.com",
        "technology": "xml",
        "path": [
            "pom.xml"
        ],
        "addedloc": 1,
        "deletedloc": 1
    },
    {
        "hash": "0276ddc19d49fd8cd9ef1b7a9c8f7b8c2b04f913",
        "subject": "stripe v3",
        "date": "15/05/2020",
        "day": 15,
        "month": 5,
        "year": 2020,
        "author": "syshex",
        "email": "ruizinho",
        "technology": "xml",
        "path": [
            "pom.xml"
        ],
        "addedloc": 1,
        "deletedloc": 1
    },
    {
        "hash": "5be2ab82d4afc6a06676515d260d8a72517b0fe5",
        "subject": "Version 2.12.0",
        "date": "12/05/2020",
        "day": 12,
        "month": 5,
        "year": 2020,
        "author": "shopizer-ecommerce",
        "email": "csamson777@yahoo.com",
        "technology": "xml",
        "path": [
            "pom.xml"
        ],
        "addedloc": 0,
        "deletedloc": 2
    },
    {
        "hash": "0cef14c203a7f5e8c7aeff64904642fb917a6d1f",
        "subject": "Merchant Group",
        "date": "16/04/2020",
        "day": 16,
        "month": 4,
        "year": 2020,
        "author": "shopizer-ecommerce",
        "email": "csamson777@yahoo.com",
        "technology": "xml",
        "path": [
            "pom.xml"
        ],
        "addedloc": 1,
        "deletedloc": 1
    },
    {
        "hash": "c99fddfa9423843aeb8f4d0bed25dce163594fbc",
        "subject": "fixed pom version to 2.12.0",
        "date": "03/04/2020",
        "day": 3,
        "month": 4,
        "year": 2020,
        "author": "shopizer-ecommerce",
        "email": "csamson777@yahoo.com",
        "technology": "xml",
        "path": [
            "pom.xml"
        ],
        "addedloc": 1,
        "deletedloc": 1
    },
    {
        "hash": "810d6ae32b0703a34fb10948bff6abc1980fb2a5",
        "subject": "Prepare version 2.12.0",
        "date": "01/04/2020",
        "day": 1,
        "month": 4,
        "year": 2020,
        "author": "shopizer-ecommerce",
        "email": "csamson777@yahoo.com",
        "technology": "xml",
        "path": [
            "pom.xml"
        ],
        "addedloc": 1,
        "deletedloc": 1
    },
    {
        "hash": "22720ef25f7cb669e069282ba1d64d126fabfb12",
        "subject": "Issue 409",
        "date": "28/03/2020",
        "day": 28,
        "month": 3,
        "year": 2020,
        "author": "shopizer-ecommerce",
        "email": "csamson777@yahoo.com",
        "technology": "xml",
        "path": [
            "pom.xml"
        ],
        "addedloc": 75,
        "deletedloc": 20
    },
    {
        "hash": "20679645cf1a6a6c3cd1eeb3ce76ca595b859c1c",
        "subject": "Fix contact api response, new indexes",
        "date": "23/03/2020",
        "day": 23,
        "month": 3,
        "year": 2020,
        "author": "shopizer-ecommerce",
        "email": "csamson777@yahoo.com",
        "technology": "xml",
        "path": [
            "pom.xml"
        ],
        "addedloc": 1,
        "deletedloc": 1
    },
    {
        "hash": "358b57507937fb63434e30a61988f386a57782eb",
        "subject": "Search improvement, creates indexes dynamicaly for new stores",
        "date": "22/03/2020",
        "day": 22,
        "month": 3,
        "year": 2020,
        "author": "shopizer-ecommerce",
        "email": "csamson777@yahoo.com",
        "technology": "xml",
        "path": [
            "pom.xml"
        ],
        "addedloc": 1,
        "deletedloc": 1
    },
    {
        "hash": "9aa5bd8ed77ee53d05069e5f1e538b3cab6ba8aa",
        "subject": "Spring boot 2.2.5",
        "date": "20/03/2020",
        "day": 20,
        "month": 3,
        "year": 2020,
        "author": "shopizer-ecommerce",
        "email": "csamson777@yahoo.com",
        "technology": "xml",
        "path": [
            "pom.xml"
        ],
        "addedloc": 1,
        "deletedloc": 1
    },
    {
        "hash": "132e88707fa208b49c9a34df517bd92609fe9424",
        "subject": "Hikari datasource instead of c3po",
        "date": "14/03/2020",
        "day": 14,
        "month": 3,
        "year": 2020,
        "author": "shopizer-ecommerce",
        "email": "csamson777@yahoo.com",
        "technology": "xml",
        "path": [
            "pom.xml"
        ],
        "addedloc": 6,
        "deletedloc": 8
    },
    {
        "hash": "4ce8226c52271034398dc68fdc137b6f230ac31e",
        "subject": "Shopizer version 2.10.0",
        "date": "13/03/2020",
        "day": 13,
        "month": 3,
        "year": 2020,
        "author": "shopizer-ecommerce",
        "email": "csamson777@yahoo.com",
        "technology": "xml",
        "path": [
            "pom.xml"
        ],
        "addedloc": 2,
        "deletedloc": 2
    },
    {
        "hash": "4e26998c660ea5465e855076b06b2b65bd16fd0b",
        "subject": "Upgrade infinispan to 9.X latest",
        "date": "05/03/2020",
        "day": 5,
        "month": 3,
        "year": 2020,
        "author": "shopizer-ecommerce",
        "email": "csamson777@yahoo.com",
        "technology": "xml",
        "path": [
            "pom.xml"
        ],
        "addedloc": 3,
        "deletedloc": 8
    },
    {
        "hash": "00e2cf979b5dd73438437ec84850b65a6f070786",
        "subject": "Order Stats",
        "date": "29/02/2020",
        "day": 29,
        "month": 2,
        "year": 2020,
        "author": "shopizer-ecommerce",
        "email": "csamson777@yahoo.com",
        "technology": "xml",
        "path": [
            "pom.xml"
        ],
        "addedloc": 3,
        "deletedloc": 2
    },
    {
        "hash": "643f0bdea4858e6823df0681fe89345f8294f139",
        "subject": "Spring boot 2.2.4 based",
        "date": "27/02/2020",
        "day": 27,
        "month": 2,
        "year": 2020,
        "author": "shopizer-ecommerce",
        "email": "csamson777@yahoo.com",
        "technology": "java",
        "path": [
            ".mvn/wrapper/MavenWrapperDownloader.java"
        ],
        "addedloc": 110,
        "deletedloc": 0
    },
    {
        "hash": "643f0bdea4858e6823df0681fe89345f8294f139",
        "subject": "Spring boot 2.2.4 based",
        "date": "27/02/2020",
        "day": 27,
        "month": 2,
        "year": 2020,
        "author": "shopizer-ecommerce",
        "email": "csamson777@yahoo.com",
        "technology": "xml",
        "path": [
            "pom.xml"
        ],
        "addedloc": 25,
        "deletedloc": 35
    },
    {
        "hash": "cec464d20eafb417cebf2b68b2831e3ad6018dec",
        "subject": "Category lineage refactoring",
        "date": "23/02/2020",
        "day": 23,
        "month": 2,
        "year": 2020,
        "author": "shopizer-ecommerce",
        "email": "csamson777@yahoo.com",
        "technology": "xml",
        "path": [
            "pom.xml"
        ],
        "addedloc": 1,
        "deletedloc": 1
    },
    {
        "hash": "c93f06b3632b5ef619985c30c467788f61124cfb",
        "subject": "Resolved merge conflicts",
        "date": "16/02/2020",
        "day": 16,
        "month": 2,
        "year": 2020,
        "author": "shopizer-ecommerce",
        "email": "csamson777@yahoo.com",
        "technology": "xml",
        "path": [
            "pom.xml"
        ],
        "addedloc": 7,
        "deletedloc": 0
    },
    {
        "hash": "1ea4eac23da9618bab5302ec2edec143af688508",
        "subject": "sm-core PageRequest refactoring",
        "date": "16/02/2020",
        "day": 16,
        "month": 2,
        "year": 2020,
        "author": "shopizer-ecommerce",
        "email": "csamson777@yahoo.com",
        "technology": "xml",
        "path": [
            "pom.xml"
        ],
        "addedloc": 644,
        "deletedloc": 642
    },
    {
        "hash": "fcf7a23b99a5b59508d5fb8c6732c07093579cfa",
        "subject": "Elasticsearch 7.5.2 support",
        "date": "07/02/2020",
        "day": 7,
        "month": 2,
        "year": 2020,
        "author": "shopizer-ecommerce",
        "email": "csamson777@yahoo.com",
        "technology": "xml",
        "path": [
            "pom.xml"
        ],
        "addedloc": 2,
        "deletedloc": 8
    },
    {
        "hash": "0d9b08c0651b2117c3ae34b3e822bd04a5375efe",
        "subject": "git star and circle ci",
        "date": "23/01/2020",
        "day": 23,
        "month": 1,
        "year": 2020,
        "author": "shopizer-ecommerce",
        "email": "csamson777@yahoo.com",
        "technology": "yml",
        "path": [
            ".circleci/config.yml"
        ],
        "addedloc": 3,
        "deletedloc": 0
    },
    {
        "hash": "64016247f4d8f19071d6c59d961945b210671290",
        "subject": "git star and circle ci",
        "date": "23/01/2020",
        "day": 23,
        "month": 1,
        "year": 2020,
        "author": "shopizer-ecommerce",
        "email": "csamson777@yahoo.com",
        "technology": "yml",
        "path": [
            ".circleci/config.yml"
        ],
        "addedloc": 41,
        "deletedloc": 0
    },
    {
        "hash": "ca8a14fc45bd094842cd604292ebf8dc98e332eb",
        "subject": "Fix contact controller",
        "date": "18/01/2020",
        "day": 18,
        "month": 1,
        "year": 2020,
        "author": "shopizer-ecommerce",
        "email": "csamson777@yahoo.com",
        "technology": "xml",
        "path": [
            "pom.xml"
        ],
        "addedloc": 4,
        "deletedloc": 14
    },
    {
        "hash": "b0d70f35f66613001071fe77f63779439ad83537",
        "subject": "removed duplicate dependencies",
        "date": "02/01/2020",
        "day": 2,
        "month": 1,
        "year": 2020,
        "author": "Dima",
        "email": "example@example.com",
        "technology": "xml",
        "path": [
            "pom.xml"
        ],
        "addedloc": 2,
        "deletedloc": 8
    },
    {
        "hash": "ac0d173144469f56c3b848329c5f8c46a168a8d4",
        "subject": "added bill of materials refactored pom files",
        "date": "02/01/2020",
        "day": 2,
        "month": 1,
        "year": 2020,
        "author": "Dima",
        "email": "example@example.com",
        "technology": "xml",
        "path": [
            "pom.xml"
        ],
        "addedloc": 679,
        "deletedloc": 288
    },
    {
        "hash": "5112301f484ce0ace8337921279a8fdfe5a87a88",
        "subject": "New theme december",
        "date": "18/12/2019",
        "day": 18,
        "month": 12,
        "year": 2019,
        "author": "shopizer-ecommerce",
        "email": "csamson777@yahoo.com",
        "technology": "xml",
        "path": [
            "pom.xml"
        ],
        "addedloc": 3,
        "deletedloc": 3
    },
    {
        "hash": "f57a27f0c36902460b1a07449836007badb9fd77",
        "subject": "Bug fixing, new theme",
        "date": "09/12/2019",
        "day": 9,
        "month": 12,
        "year": 2019,
        "author": "shopizer-ecommerce",
        "email": "csamson777@yahoo.com",
        "technology": "xml",
        "path": [
            "pom.xml"
        ],
        "addedloc": 7,
        "deletedloc": 5
    },
    {
        "hash": "d268d7ce564b41e63509d56330143d7feb63eac0",
        "subject": "Multiple catalogues",
        "date": "16/11/2019",
        "day": 16,
        "month": 11,
        "year": 2019,
        "author": "shopizer-ecommerce",
        "email": "csamson777@yahoo.com",
        "technology": "xml",
        "path": [
            "pom.xml"
        ],
        "addedloc": 4,
        "deletedloc": 4
    },
    {
        "hash": "30731749c24d599198dae30d5e4df9f7c9964e22",
        "subject": "ProductOptionValue",
        "date": "07/11/2019",
        "day": 7,
        "month": 11,
        "year": 2019,
        "author": "shopizer-ecommerce",
        "email": "csamson777@yahoo.com",
        "technology": "xml",
        "path": [
            "pom.xml"
        ],
        "addedloc": 0,
        "deletedloc": 3
    },
    {
        "hash": "a6317800bbe1fa6f9da7005fc9e998896ec45adb",
        "subject": "ProductOptions",
        "date": "04/11/2019",
        "day": 4,
        "month": 11,
        "year": 2019,
        "author": "shopizer-ecommerce",
        "email": "csamson777@yahoo.com",
        "technology": "xml",
        "path": [
            "pom.xml"
        ],
        "addedloc": 5,
        "deletedloc": 4
    },
    {
        "hash": "c1cf346bf774b0f0b5fb21c01e90585d1ce6870c",
        "subject": "Persistable Order",
        "date": "31/10/2019",
        "day": 31,
        "month": 10,
        "year": 2019,
        "author": "shopizer-ecommerce",
        "email": "csamson777@yahoo.com",
        "technology": "xml",
        "path": [
            "pom.xml"
        ],
        "addedloc": 1,
        "deletedloc": 1
    },
    {
        "hash": "e52bbd2f9b0628bb45a181adf7cff2004ee324ce",
        "subject": "remove property migrator",
        "date": "25/10/2019",
        "day": 25,
        "month": 10,
        "year": 2019,
        "author": "shopizer-ecommerce",
        "email": "csamson777@yahoo.com",
        "technology": "xml",
        "path": [
            "pom.xml"
        ],
        "addedloc": 0,
        "deletedloc": 5
    },
    {
        "hash": "c2460b5c1bfb0acf4fc173e98598a8755188c738",
        "subject": "sb 2..2 binaries",
        "date": "25/10/2019",
        "day": 25,
        "month": 10,
        "year": 2019,
        "author": "shopizer-ecommerce",
        "email": "csamson777@yahoo.com",
        "technology": "java",
        "path": [
            ".mvn/wrapper/MavenWrapperDownloader.java"
        ],
        "addedloc": 0,
        "deletedloc": 110
    },
    {
        "hash": "c2460b5c1bfb0acf4fc173e98598a8755188c738",
        "subject": "sb 2..2 binaries",
        "date": "25/10/2019",
        "day": 25,
        "month": 10,
        "year": 2019,
        "author": "shopizer-ecommerce",
        "email": "csamson777@yahoo.com",
        "technology": "xml",
        "path": [
            "pom.xml"
        ],
        "addedloc": 27,
        "deletedloc": 29
    },
    {
        "hash": "aafebc28bb9ad6d5021fa6c1860622315b7f0a09",
        "subject": "API descriptions and paging",
        "date": "15/10/2019",
        "day": 15,
        "month": 10,
        "year": 2019,
        "author": "shopizer-ecommerce",
        "email": "csamson777@yahoo.com",
        "technology": "xml",
        "path": [
            "pom.xml"
        ],
        "addedloc": 8,
        "deletedloc": 19
    },
    {
        "hash": "e5bce607444296ad6f191ad3f6bdc97fb5fec551",
        "subject": "New branch",
        "date": "12/09/2019",
        "day": 12,
        "month": 9,
        "year": 2019,
        "author": "shopizer-ecommerce",
        "email": "csamson777@yahoo.com",
        "technology": "xml",
        "path": [
            "pom.xml"
        ],
        "addedloc": 4,
        "deletedloc": 4
    },
    {
        "hash": "21a7372ec5db279eed405c1814b1e39dd8ef6924",
        "subject": "GeneratePasswordTest.java",
        "date": "05/09/2019",
        "day": 5,
        "month": 9,
        "year": 2019,
        "author": "shopizer-ecommerce",
        "email": "csamson777@yahoo.com",
        "technology": "xml",
        "path": [
            "pom.xml"
        ],
        "addedloc": 5,
        "deletedloc": 5
    },
    {
        "hash": "3c41a9d4d9046f7ce5a965ba510fb7e9f0d7c143",
        "subject": "Fixed CVE-2019-14379",
        "date": "05/09/2019",
        "day": 5,
        "month": 9,
        "year": 2019,
        "author": "shopizer-ecommerce",
        "email": "csamson777@yahoo.com",
        "technology": "xml",
        "path": [
            "pom.xml"
        ],
        "addedloc": 4,
        "deletedloc": 3
    },
    {
        "hash": "1d8fefd5eebbef0c9203903b32651ed19ed7a536",
        "subject": "Customer registration swagger documentation",
        "date": "05/09/2019",
        "day": 5,
        "month": 9,
        "year": 2019,
        "author": "shopizer-ecommerce",
        "email": "csamson777@yahoo.com",
        "technology": "xml",
        "path": [
            "pom.xml"
        ],
        "addedloc": 15,
        "deletedloc": 0
    },
    {
        "hash": "a30c60f32ffb8e04d0a6871ceb34b02a67200ee3",
        "subject": "Category lang fic",
        "date": "21/07/2019",
        "day": 21,
        "month": 7,
        "year": 2019,
        "author": "shopizer-ecommerce",
        "email": "csamson777@yahoo.com",
        "technology": "xml",
        "path": [
            "pom.xml"
        ],
        "addedloc": 2,
        "deletedloc": 2
    },
    {
        "hash": "ca416285e95548e77f0e91535c2d829128ccde56",
        "subject": "Branch 2.6.0",
        "date": "05/07/2019",
        "day": 5,
        "month": 7,
        "year": 2019,
        "author": "shopizer-ecommerce",
        "email": "csamson777@yahoo.com",
        "technology": "xml",
        "path": [
            "pom.xml"
        ],
        "addedloc": 5,
        "deletedloc": 5
    },
    {
        "hash": "ed11bfa0b98e33de3db2c06e6281974e84355ccd",
        "subject": "Vulnerability check",
        "date": "27/06/2019",
        "day": 27,
        "month": 6,
        "year": 2019,
        "author": "shopizer-ecommerce",
        "email": "csamson777@yahoo.com",
        "technology": "xml",
        "path": [
            "pom.xml"
        ],
        "addedloc": 1,
        "deletedloc": 1
    },
    {
        "hash": "51f64a9462083fc1300cb4d0c519fc41166412e2",
        "subject": "Refactor pre jsp dependency move",
        "date": "11/05/2019",
        "day": 11,
        "month": 5,
        "year": 2019,
        "author": "shopizer-ecommerce",
        "email": "csamson777@yahoo.com",
        "technology": "xml",
        "path": [
            "pom.xml"
        ],
        "addedloc": 1,
        "deletedloc": 0
    },
    {
        "hash": "c6a506591674ff59b128a2eea5d278c66463d0c2",
        "subject": "Admin manage user",
        "date": "29/04/2019",
        "day": 29,
        "month": 4,
        "year": 2019,
        "author": "shopizer-ecommerce",
        "email": "csamson777@yahoo.com",
        "technology": "xml",
        "path": [
            "pom.xml"
        ],
        "addedloc": 3,
        "deletedloc": 0
    },
    {
        "hash": "123f5d08bffaf604e520a86d6a79fb645d67713f",
        "subject": "Removed GPG key",
        "date": "28/04/2019",
        "day": 28,
        "month": 4,
        "year": 2019,
        "author": "shopizer-ecommerce",
        "email": "csamson777@yahoo.com",
        "technology": "xml",
        "path": [
            "pom.xml"
        ],
        "addedloc": 0,
        "deletedloc": 1
    },
    {
        "hash": "404ec8cc6e7aa0fde0aba1b36b576ebaa7a6ba0c",
        "subject": "pom.xml",
        "date": "28/04/2019",
        "day": 28,
        "month": 4,
        "year": 2019,
        "author": "shopizer-ecommerce",
        "email": "csamson777@yahoo.com",
        "technology": "xml",
        "path": [
            "pom.xml"
        ],
        "addedloc": 0,
        "deletedloc": 4
    },
    {
        "hash": "211f28d3dce508363bc0ae5d46555ad4a4c237de",
        "subject": "c3po version",
        "date": "27/04/2019",
        "day": 27,
        "month": 4,
        "year": 2019,
        "author": "shopizer-ecommerce",
        "email": "csamson777@yahoo.com",
        "technology": "xml",
        "path": [
            "pom.xml"
        ],
        "addedloc": 0,
        "deletedloc": 7
    },
    {
        "hash": "4c292ca9242d0eb5bdba090698404ef41a23aeac",
        "subject": "2.5.0 dependency",
        "date": "27/04/2019",
        "day": 27,
        "month": 4,
        "year": 2019,
        "author": "shopizer-ecommerce",
        "email": "csamson777@yahoo.com",
        "technology": "xml",
        "path": [
            "pom.xml"
        ],
        "addedloc": 23,
        "deletedloc": 13
    },
    {
        "hash": "577bbf8230321b75f31e35353342e9878496a562",
        "subject": "Elasticsearch 6.3.X support",
        "date": "16/04/2019",
        "day": 16,
        "month": 4,
        "year": 2019,
        "author": "shopizer-ecommerce",
        "email": "csamson777@yahoo.com",
        "technology": "xml",
        "path": [
            "pom.xml"
        ],
        "addedloc": 3,
        "deletedloc": 3
    },
    {
        "hash": "37154a53d21602ad1dfb907c7d40671fe55da7b6",
        "subject": "Change password controller",
        "date": "15/04/2019",
        "day": 15,
        "month": 4,
        "year": 2019,
        "author": "shopizer-ecommerce",
        "email": "csamson777@yahoo.com",
        "technology": "xml",
        "path": [
            "pom.xml"
        ],
        "addedloc": 1,
        "deletedloc": 0
    },
    {
        "hash": "828476f5d08554e6e953a356e0bc0aec2f627c99",
        "subject": "Edit user",
        "date": "31/03/2019",
        "day": 31,
        "month": 3,
        "year": 2019,
        "author": "shopizer-ecommerce",
        "email": "csamson777@yahoo.com",
        "technology": "xml",
        "path": [
            "pom.xml"
        ],
        "addedloc": 2,
        "deletedloc": 5
    },
    {
        "hash": "51cc57123de5d57acf0d1d50ff258b2a32c4f9fe",
        "subject": "docker-compose",
        "date": "23/03/2019",
        "day": 23,
        "month": 3,
        "year": 2019,
        "author": "shopizer-ecommerce",
        "email": "csamson777@yahoo.com",
        "technology": "xml",
        "path": [
            "pom.xml"
        ],
        "addedloc": 1,
        "deletedloc": 1
    },
    {
        "hash": "34b97e2b91f6264fa00f7f2198c79bddfb6fd3e6",
        "subject": "Compatible with docker compose",
        "date": "20/03/2019",
        "day": 20,
        "month": 3,
        "year": 2019,
        "author": "shopizer-ecommerce",
        "email": "csamson777@yahoo.com",
        "technology": "xml",
        "path": [
            "pom.xml"
        ],
        "addedloc": 7,
        "deletedloc": 7
    },
    {
        "hash": "9746a661d4bdc87f5d0f34bb95e63d2c07b5a1c7",
        "subject": "Initial version of 2.4.0",
        "date": "07/03/2019",
        "day": 7,
        "month": 3,
        "year": 2019,
        "author": "shopizer-ecommerce",
        "email": "csamson777@yahoo.com",
        "technology": "xml",
        "path": [
            "pom.xml"
        ],
        "addedloc": 9,
        "deletedloc": 14
    },
    {
        "hash": "4d03483f8f1f332ee5ac1926fe6d56e0a5ff5f41",
        "subject": "mvnw wrapper fixed",
        "date": "13/02/2019",
        "day": 13,
        "month": 2,
        "year": 2019,
        "author": "shopizer-ecommerce",
        "email": "csamson777@yahoo.com",
        "technology": "java",
        "path": [
            ".mvn/wrapper/MavenWrapperDownloader.java"
        ],
        "addedloc": 110,
        "deletedloc": 0
    },
    {
        "hash": "29d74d2f4e5415b38171c7ca31f46154236d6ccb",
        "subject": "Added order dashboard for admin section",
        "date": "30/01/2019",
        "day": 30,
        "month": 1,
        "year": 2019,
        "author": "Umesh Awasthi",
        "email": "UAwasthi@rccl.com",
        "technology": "xml",
        "path": [
            "pom.xml"
        ],
        "addedloc": 1,
        "deletedloc": 1
    },
    {
        "hash": "9ad175df219ebc6187da5725828fa17158333bf3",
        "subject": "Merge from sb1.5.18",
        "date": "16/01/2019",
        "day": 16,
        "month": 1,
        "year": 2019,
        "author": "earmitage",
        "email": "evans.armitage@gmail.com",
        "technology": "xml",
        "path": [
            "pom.xml"
        ],
        "addedloc": 76,
        "deletedloc": 13
    },
    {
        "hash": "ef3e9108bff5ed4110223061b521ec037523eacd",
        "subject": "from sb1.5.18",
        "date": "07/01/2019",
        "day": 7,
        "month": 1,
        "year": 2019,
        "author": "earmitage",
        "email": "evans.armitage@gmail.com",
        "technology": "xml",
        "path": [
            "pom.xml"
        ],
        "addedloc": 0,
        "deletedloc": 5
    },
    {
        "hash": "202c05ff6966d121e8bb595ad121a5b97016608d",
        "subject": "Fix imports",
        "date": "07/01/2019",
        "day": 7,
        "month": 1,
        "year": 2019,
        "author": "earmitage",
        "email": "evans.armitage@gmail.com",
        "technology": "xml",
        "path": [
            "pom.xml"
        ],
        "addedloc": 4,
        "deletedloc": 0
    },
    {
        "hash": "2c07000ded07ae152acacff0f1db9f92a7f2b8ce",
        "subject": "upgrading to handle potential No target ValidatorFactory set exception",
        "date": "16/01/2019",
        "day": 16,
        "month": 1,
        "year": 2019,
        "author": "Umesh Awasthi",
        "email": "umeshawasthi@gmail.com",
        "technology": "xml",
        "path": [
            "pom.xml"
        ],
        "addedloc": 2,
        "deletedloc": 1
    },
    {
        "hash": "a5b780a17b15c218947fb2cad65136aae992347a",
        "subject": "Fixed error handling packaging",
        "date": "09/01/2019",
        "day": 9,
        "month": 1,
        "year": 2019,
        "author": "shopizer-ecommerce",
        "email": "csamson777@yahoo.com",
        "technology": "xml",
        "path": [
            "pom.xml"
        ],
        "addedloc": 3,
        "deletedloc": 3
    },
    {
        "hash": "0c64768e7dd152134e3e6979e7ab920ddc7918dd",
        "subject": "added RestApiException, ServiceRuntimeException, ResourceNotFoundException and appropriate handlers",
        "date": "05/01/2019",
        "day": 5,
        "month": 1,
        "year": 2019,
        "author": "Dima",
        "email": "example@example.com",
        "technology": "xml",
        "path": [
            "pom.xml"
        ],
        "addedloc": 6,
        "deletedloc": 0
    },
    {
        "hash": "734f183ae3729a972f41ad8c5ef6ee904d6385b8",
        "subject": "added lombok  dependency",
        "date": "09/01/2019",
        "day": 9,
        "month": 1,
        "year": 2019,
        "author": "DzNev",
        "email": "example@example.com",
        "technology": "xml",
        "path": [
            "pom.xml"
        ],
        "addedloc": 7,
        "deletedloc": 0
    },
    {
        "hash": "f1452875b2520f9910ee75bcdacb221d3c65a238",
        "subject": "admin",
        "date": "15/11/2018",
        "day": 15,
        "month": 11,
        "year": 2018,
        "author": "shopizer-ecommerce",
        "email": "csamson777@yahoo.com",
        "technology": "xml",
        "path": [
            "pom.xml"
        ],
        "addedloc": 1,
        "deletedloc": 0
    },
    {
        "hash": "4963478807dd6ef087b5dca1cb989c4f65f0989a",
        "subject": "Merge from 2.3.0",
        "date": "15/11/2018",
        "day": 15,
        "month": 11,
        "year": 2018,
        "author": "shopizer-ecommerce",
        "email": "csamson777@yahoo.com",
        "technology": "xml",
        "path": [
            "pom.xml"
        ],
        "addedloc": 2,
        "deletedloc": 2
    },
    {
        "hash": "e328425407bba0dee3d38afe02ce6925ea728f99",
        "subject": "Prepare 2.3.0",
        "date": "14/11/2018",
        "day": 14,
        "month": 11,
        "year": 2018,
        "author": "shopizer-ecommerce",
        "email": "csamson777@yahoo.com",
        "technology": "xml",
        "path": [
            "pom.xml"
        ],
        "addedloc": 4,
        "deletedloc": 4
    },
    {
        "hash": "e44057c08c692116302299d0da230ebeb8136b79",
        "subject": "search 2.3.0",
        "date": "06/11/2018",
        "day": 6,
        "month": 11,
        "year": 2018,
        "author": "shopizer-ecommerce",
        "email": "csamson777@yahoo.com",
        "technology": "xml",
        "path": [
            "pom.xml"
        ],
        "addedloc": 52,
        "deletedloc": 12
    },
    {
        "hash": "4b3f88ef0bab00f5ef496a601190aa06e68893f0",
        "subject": "More rest resources",
        "date": "28/09/2018",
        "day": 28,
        "month": 9,
        "year": 2018,
        "author": "shopizer-ecommerce",
        "email": "csamson777@yahoo.com",
        "technology": "xml",
        "path": [
            "pom.xml"
        ],
        "addedloc": 8,
        "deletedloc": 2
    },
    {
        "hash": "394dcea29c6395e06cc745b3edab14e32323b1e5",
        "subject": "bootstrap 1.5",
        "date": "06/05/2018",
        "day": 6,
        "month": 5,
        "year": 2018,
        "author": "Samson",
        "email": "c.samson@cgi.com",
        "technology": "xml",
        "path": [
            "pom.xml"
        ],
        "addedloc": 117,
        "deletedloc": 120
    },
    {
        "hash": "772cecacf70bd7d726ddf5626bd231fc3832be44",
        "subject": "New admin web app, update all artifacts to 2.3.0",
        "date": "09/04/2018",
        "day": 9,
        "month": 4,
        "year": 2018,
        "author": "Samson",
        "email": "c.samson@cgi.com",
        "technology": "xml",
        "path": [
            "pom.xml"
        ],
        "addedloc": 3,
        "deletedloc": 2
    },
    {
        "hash": "92b078a36c837376a0208efacc650a2312ac30eb",
        "subject": "rebase master with 2.2.0",
        "date": "08/04/2018",
        "day": 8,
        "month": 4,
        "year": 2018,
        "author": "shopizer-ecommerce",
        "email": "csamson777@yahoo.com",
        "technology": "xml",
        "path": [
            "pom.xml"
        ],
        "addedloc": 176,
        "deletedloc": 35
    },
    {
        "hash": "5cbae03cb223d73460d140b6d939d78f440fea5e",
        "subject": "Rebase from 2.2.0",
        "date": "08/03/2018",
        "day": 8,
        "month": 3,
        "year": 2018,
        "author": "Samson",
        "email": "c.samson@cgi.com",
        "technology": "xml",
        "path": [
            "pom.xml"
        ],
        "addedloc": 28,
        "deletedloc": 31
    },
    {
        "hash": "23aa8455f2b2caee12f98b2432a1eb4b569fdca1",
        "subject": "ISSUE-142 : Look up zone by code and country",
        "date": "02/04/2017",
        "day": 2,
        "month": 4,
        "year": 2017,
        "author": "Dhilli Nellepalli",
        "email": "ndhilliprasad@gmail.com",
        "technology": "xml",
        "path": [
            "pom.xml"
        ],
        "addedloc": 1,
        "deletedloc": 1
    },
    {
        "hash": "e19f9f5e8616082873c80a09c8a2552cfe0ed9ec",
        "subject": "added tax class",
        "date": "27/03/2017",
        "day": 27,
        "month": 3,
        "year": 2017,
        "author": "Umesh Awasthi",
        "email": "umesh@pragiti.com",
        "technology": "xml",
        "path": [
            "pom.xml"
        ],
        "addedloc": 1,
        "deletedloc": 1
    },
    {
        "hash": "1f2d593e77a10305d6ac792f37b90670dc9db95c",
        "subject": "Admin section",
        "date": "10/03/2017",
        "day": 10,
        "month": 3,
        "year": 2017,
        "author": "Umesh Awasthi",
        "email": "umeshawasthi@gmail.com",
        "technology": "xml",
        "path": [
            "pom.xml"
        ],
        "addedloc": 19,
        "deletedloc": 18
    },
    {
        "hash": "579f45e56b18b07e48b0fa7a588bd3508f2b50f0",
        "subject": "From 2.0.5",
        "date": "07/03/2017",
        "day": 7,
        "month": 3,
        "year": 2017,
        "author": "Samson",
        "email": "c.samson@cgi.com",
        "technology": "xml",
        "path": [
            "pom.xml"
        ],
        "addedloc": 178,
        "deletedloc": 35
    },
    {
        "hash": "d86a53addb97aea8fb934fd631af20a0740289b1",
        "subject": "update master with new stuff",
        "date": "12/04/2016",
        "day": 12,
        "month": 4,
        "year": 2016,
        "author": "Shopizer",
        "email": "support@shopizer.com",
        "technology": "xml",
        "path": [
            "pom.xml"
        ],
        "addedloc": 3,
        "deletedloc": 2
    },
    {
        "hash": "10f0744b89d22b4fa094d5a543a76f24e15aae5f",
        "subject": "Initial 2.0.3 commit",
        "date": "21/07/2015",
        "day": 21,
        "month": 7,
        "year": 2015,
        "author": "Shopizer",
        "email": "support@shopizer.com",
        "technology": "xml",
        "path": [
            "pom.xml"
        ],
        "addedloc": 35,
        "deletedloc": 0
    }
]